ID_Partido,ID_StatsBomb,ID_Entrenador,Fecha,Temporada,Competicion,Rival,Localia,Resultado,Goles_Barca,Goles_Rival,Penaltis_Barca,Penaltis_Rival
1,,1,2003-08-30,2003-2004,La Liga,Athletic Club,Away,W,1,0,,
2,,1,2003-09-03,2003-2004,La Liga,Sevilla,Home,D,1,1,,
3,,1,2003-09-14,2003-2004,La Liga,Albacete,Away,W,2,1,,
4,,1,2003-09-20,2003-2004,La Liga,Osasuna,Home,D,1,1,,
5,,1,2003-09-24,2003-2004,UEFA Cup,FK Púchov,Away,D,1,1,,
6,,1,2003-09-28,2003-2004,La Liga,Atlético Madrid,Away,D,0,0,,
7,,1,2003-10-05,2003-2004,La Liga,Valencia,Home,L,0,1,,
8,,1,2003-10-15,2003-2004,UEFA Cup,FK Púchov,Home,W,8,0,,
9,,1,2003-10-18,2003-2004,La Liga,Dep La Coruña,Home,L,0,2,,
10,,1,2003-10-26,2003-2004,La Liga,Mallorca,Away,W,3,1,,
11,,1,2003-10-29,2003-2004,La Liga,Real Murcia,Home,W,3,0,,
12,,1,2003-11-02,2003-2004,La Liga,Real Sociedad,Away,D,3,3,,
13,,1,2003-11-06,2003-2004,UEFA Cup,Panionios,Away,W,3,0,,
14,,1,2003-11-09,2003-2004,La Liga,Real Betis,Home,W,2,1,,
15,,1,2003-11-22,2003-2004,La Liga,Villarreal,Away,L,1,2,,
16,,1,2003-11-27,2003-2004,UEFA Cup,Panionios,Home,W,2,0,,
17,,1,2003-11-30,2003-2004,La Liga,Valladolid,Home,D,0,0,,
18,,1,2003-12-03,2003-2004,La Liga,Málaga,Away,L,1,5,,
19,,1,2003-12-06,2003-2004,La Liga,Real Madrid,Home,L,1,2,,
20,,1,2003-12-13,2003-2004,La Liga,Espanyol,Away,W,3,1,,
21,,1,2003-12-21,2003-2004,La Liga,Celta Vigo,Home,D,1,1,,
22,,1,2004-01-04,2003-2004,La Liga,Racing Sant,Away,L,0,3,,
23,,1,2004-01-11,2003-2004,La Liga,Zaragoza,Home,W,3,0,,
24,,1,2004-01-17,2003-2004,La Liga,Athletic Club,Home,D,1,1,,
25,,1,2004-01-25,2003-2004,La Liga,Sevilla,Away,W,1,0,,
26,,1,2004-02-01,2003-2004,La Liga,Albacete,Home,W,5,0,,
27,,1,2004-02-08,2003-2004,La Liga,Osasuna,Away,W,2,1,,
28,,1,2004-02-15,2003-2004,La Liga,Atlético Madrid,Home,W,3,1,,
29,,1,2004-02-21,2003-2004,La Liga,Valencia,Away,W,1,0,,
30,,1,2004-02-26,2003-2004,UEFA Cup,Brøndby,Away,W,1,0,,
31,,1,2004-02-29,2003-2004,La Liga,Dep La Coruña,Away,W,3,2,,
32,,1,2004-03-03,2003-2004,UEFA Cup,Brøndby,Home,W,2,1,,
33,,1,2004-03-07,2003-2004,La Liga,Mallorca,Home,W,3,2,,
34,,1,2004-03-11,2003-2004,UEFA Cup,Celtic,Away,L,0,1,,
35,,1,2004-03-14,2003-2004,La Liga,Real Murcia,Away,W,2,0,,
36,,1,2004-03-21,2003-2004,La Liga,Real Sociedad,Home,W,1,0,,
37,,1,2004-03-25,2003-2004,UEFA Cup,Celtic,Home,D,0,0,,
38,,1,2004-04-03,2003-2004,La Liga,Villarreal,Home,D,0,0,,
39,,1,2004-04-10,2003-2004,La Liga,Valladolid,Away,W,3,1,,
40,,1,2004-04-14,2003-2004,La Liga,Real Betis,Away,D,1,1,,
41,,1,2004-04-18,2003-2004,La Liga,Málaga,Home,W,3,0,,
42,,1,2004-04-25,2003-2004,La Liga,Real Madrid,Away,W,2,1,,
43,,1,2004-05-02,2003-2004,La Liga,Espanyol,Home,W,4,1,,
44,,1,2004-05-08,2003-2004,La Liga,Celta Vigo,Away,L,0,1,,
45,,1,2004-05-16,2003-2004,La Liga,Racing Sant,Home,W,1,0,,
46,,1,2004-05-23,2003-2004,La Liga,Zaragoza,Away,L,1,2,,
47,,1,2004-08-29,2004-2005,La Liga,Racing Sant,Away,W,2,0,,
48,,1,2004-09-11,2004-2005,La Liga,Sevilla,Home,W,2,0,,
49,,1,2004-09-14,2004-2005,Champions Lg,Celtic,Away,W,3,1,,
50,,1,2004-09-19,2004-2005,La Liga,Atlético Madrid,Away,D,1,1,,
51,,1,2004-09-23,2004-2005,La Liga,Zaragoza,Home,W,4,1,,
52,,1,2004-09-26,2004-2005,La Liga,Mallorca,Away,W,3,1,,
53,,1,2004-09-29,2004-2005,Champions Lg,Shakhtar Donetsk,Home,W,3,0,,
54,,1,2004-10-03,2004-2005,La Liga,Numancia,Home,W,1,0,,
55,68353.0,1,2004-10-16,2004-2005,La Liga,Espanyol,Away,W,1,0,,
56,,1,2004-10-20,2004-2005,Champions Lg,Milan,Away,L,0,1,,
57,68313.0,1,2004-10-24,2004-2005,La Liga,Osasuna,Home,W,3,0,,
58,,1,2004-10-30,2004-2005,La Liga,Athletic Club,Away,D,1,1,,
59,,1,2004-11-02,2004-2005,Champions Lg,Milan,Home,W,2,1,,
60,,1,2004-11-06,2004-2005,La Liga,Dep La Coruña,Home,W,2,1,,
61,,1,2004-11-14,2004-2005,La Liga,Real Betis,Away,L,1,2,,
62,,1,2004-11-20,2004-2005,La Liga,Real Madrid,Home,W,3,0,,
63,,1,2004-11-24,2004-2005,Champions Lg,Celtic,Home,D,1,1,,
64,,1,2004-11-27,2004-2005,La Liga,Getafe,Away,W,2,1,,
65,68314.0,1,2004-12-04,2004-2005,La Liga,Málaga,Home,W,4,0,,
66,,1,2004-12-07,2004-2005,Champions Lg,Shakhtar Donetsk,Away,L,0,2,,
67,69153.0,1,2004-12-11,2004-2005,La Liga,Albacete,Away,W,2,1,,
68,,1,2004-12-18,2004-2005,La Liga,Valencia,Home,D,1,1,,
69,68315.0,1,2004-12-21,2004-2005,La Liga,Levante,Home,W,2,1,,
70,,1,2005-01-09,2004-2005,La Liga,Villarreal,Away,L,0,3,,
71,,1,2005-01-16,2004-2005,La Liga,Real Sociedad,Home,W,1,0,,
72,,1,2005-01-22,2004-2005,La Liga,Racing Sant,Home,W,3,0,,
73,,1,2005-01-29,2004-2005,La Liga,Sevilla,Away,W,4,0,,
74,,1,2005-02-06,2004-2005,La Liga,Atlético Madrid,Home,L,0,2,,
75,,1,2005-02-12,2004-2005,La Liga,Zaragoza,Away,W,4,1,,
76,,1,2005-02-19,2004-2005,La Liga,Mallorca,Home,W,2,0,,
77,,1,2005-02-23,2004-2005,Champions Lg,Chelsea,Home,W,2,1,,
78,,1,2005-02-26,2004-2005,La Liga,Numancia,Away,D,1,1,,
79,,1,2005-03-01,2004-2005,La Liga,Espanyol,Home,D,0,0,,
80,,1,2005-03-05,2004-2005,La Liga,Osasuna,Away,W,1,0,,
81,,1,2005-03-08,2004-2005,Champions Lg,Chelsea,Away,L,2,4,,
82,,1,2005-03-12,2004-2005,La Liga,Athletic Club,Home,W,2,0,,
83,,1,2005-03-19,2004-2005,La Liga,Dep La Coruña,Away,W,1,0,,
84,,1,2005-04-03,2004-2005,La Liga,Real Betis,Home,D,3,3,,
85,,1,2005-04-10,2004-2005,La Liga,Real Madrid,Away,L,2,4,,
86,68352.0,1,2005-04-17,2004-2005,La Liga,Getafe,Home,W,2,0,,
87,,1,2005-04-24,2004-2005,La Liga,Málaga,Away,W,4,0,,
88,68316.0,1,2005-05-01,2004-2005,La Liga,Albacete,Home,W,2,0,,
89,,1,2005-05-08,2004-2005,La Liga,Valencia,Away,W,2,0,,
90,,1,2005-05-14,2004-2005,La Liga,Levante,Away,D,1,1,,
91,,1,2005-05-22,2004-2005,La Liga,Villarreal,Home,D,3,3,,
92,,1,2005-05-28,2004-2005,La Liga,Real Sociedad,Away,D,0,0,,
93,,1,2005-08-27,2005-2006,La Liga,Alavés,Away,D,0,0,,
94,,1,2005-09-11,2005-2006,La Liga,Mallorca,Home,W,2,0,,
95,,1,2005-09-14,2005-2006,Champions Lg,Werder Bremen,Away,W,2,0,,
96,,1,2005-09-18,2005-2006,La Liga,Atlético Madrid,Away,L,1,2,,
97,,1,2005-09-21,2005-2006,La Liga,Valencia,Home,D,2,2,,
98,,1,2005-09-24,2005-2006,La Liga,Real Betis,Away,W,4,1,,
99,,1,2005-09-27,2005-2006,Champions Lg,Udinese,Home,W,4,1,,
100,68317.0,1,2005-10-01,2005-2006,La Liga,Zaragoza,Home,D,2,2,,
101,,1,2005-10-15,2005-2006,La Liga,Dep La Coruña,Away,D,3,3,,
102,,1,2005-10-18,2005-2006,Champions Lg,Panathinaikos,Away,D,0,0,,
103,68318.0,1,2005-10-22,2005-2006,La Liga,Osasuna,Home,W,3,0,,
104,69164.0,1,2005-10-26,2005-2006,La Liga,Málaga,Home,W,2,0,,
105,,1,2005-10-30,2005-2006,La Liga,Real Sociedad,Home,W,5,0,,
106,,1,2005-11-02,2005-2006,Champions Lg,Panathinaikos,Home,W,5,0,,
107,68339.0,1,2005-11-06,2005-2006,La Liga,Getafe,Away,W,3,1,,
108,68319.0,1,2005-11-19,2005-2006,La Liga,Real Madrid,Away,W,3,0,,
109,,1,2005-11-22,2005-2006,Champions Lg,Werder Bremen,Home,W,3,1,,
110,68354.0,1,2005-11-27,2005-2006,La Liga,Racing Sant,Home,W,4,1,,
111,68320.0,1,2005-12-04,2005-2006,La Liga,Villarreal,Away,W,2,0,,
112,,1,2005-12-07,2005-2006,Champions Lg,Udinese,Away,W,2,0,,
113,68321.0,1,2005-12-11,2005-2006,La Liga,Sevilla,Home,W,2,1,,
114,68322.0,1,2005-12-17,2005-2006,La Liga,Cádiz,Away,W,3,1,,
115,68323.0,1,2005-12-20,2005-2006,La Liga,Celta Vigo,Home,W,2,0,,
116,68348.0,1,2006-01-07,2005-2006,La Liga,Espanyol,Away,W,2,1,,
117,68342.0,1,2006-01-15,2005-2006,La Liga,Athletic Club,Home,W,2,1,,
118,68324.0,1,2006-01-22,2005-2006,La Liga,Alavés,Home,W,2,0,,
119,68325.0,1,2006-01-29,2005-2006,La Liga,Mallorca,Away,W,3,0,,
120,68350.0,1,2006-02-05,2005-2006,La Liga,Atlético Madrid,Home,L,1,3,,
121,,1,2006-02-12,2005-2006,La Liga,Valencia,Away,L,0,1,,
122,69172.0,1,2006-02-18,2005-2006,La Liga,Real Betis,Home,W,5,1,,
123,,1,2006-02-22,2005-2006,Champions Lg,Chelsea,Away,W,2,1,,
124,68351.0,1,2006-02-25,2005-2006,La Liga,Zaragoza,Away,W,2,0,,
125,,1,2006-03-04,2005-2006,La Liga,Dep La Coruña,Home,W,3,2,,
126,,1,2006-03-07,2005-2006,Champions Lg,Chelsea,Home,D,1,1,,
127,,1,2006-03-12,2005-2006,La Liga,Osasuna,Away,L,1,2,,
128,,1,2006-03-18,2005-2006,La Liga,Real Sociedad,Away,W,2,0,,
129,,1,2006-03-21,2005-2006,La Liga,Getafe,Home,W,3,1,,
130,,1,2006-03-25,2005-2006,La Liga,Málaga,Away,D,0,0,,
131,,1,2006-03-28,2005-2006,Champions Lg,Benfica,Away,D,0,0,,
132,,1,2006-04-01,2005-2006,La Liga,Real Madrid,Home,D,1,1,,
133,,1,2006-04-05,2005-2006,Champions Lg,Benfica,Home,W,2,0,,
134,,1,2006-04-09,2005-2006,La Liga,Racing Sant,Away,D,2,2,,
135,,1,2006-04-14,2005-2006,La Liga,Villarreal,Home,W,1,0,,
136,,1,2006-04-18,2005-2006,Champions Lg,Milan,Away,W,1,0,,
137,,1,2006-04-26,2005-2006,Champions Lg,Milan,Home,D,0,0,,
138,,1,2006-04-29,2005-2006,La Liga,Cádiz,Home,W,1,0,,
139,,1,2006-05-03,2005-2006,La Liga,Celta Vigo,Away,W,1,0,,
140,,1,2006-05-06,2005-2006,La Liga,Espanyol,Home,W,2,0,,
141,,1,2006-05-13,2005-2006,La Liga,Sevilla,Away,L,2,3,,
142,,1,2006-05-17,2005-2006,Champions Lg,Arsenal,Neutral,W,2,1,,
143,,1,2006-05-20,2005-2006,La Liga,Athletic Club,Away,L,1,3,,
144,68326.0,1,2006-08-28,2006-2007,La Liga,Celta Vigo,Away,W,3,2,,
145,68327.0,1,2006-09-09,2006-2007,La Liga,Osasuna,Home,W,3,0,,
146,,1,2006-09-12,2006-2007,Champions Lg,Levski Sofia,Home,W,5,0,,
147,68340.0,1,2006-09-17,2006-2007,La Liga,Racing Sant,Away,W,3,0,,
148,68328.0,1,2006-09-24,2006-2007,La Liga,Valencia,Home,D,1,1,,
149,,1,2006-09-27,2006-2007,Champions Lg,Werder Bremen,Away,D,1,1,,
150,68347.0,1,2006-09-30,2006-2007,La Liga,Athletic Club,Away,W,3,1,,
151,68329.0,1,2006-10-15,2006-2007,La Liga,Sevilla,Home,W,3,1,,
152,,1,2006-10-18,2006-2007,Champions Lg,Chelsea,Away,L,0,1,,
153,68330.0,1,2006-10-22,2006-2007,La Liga,Real Madrid,Away,L,0,2,,
154,,1,2006-10-28,2006-2007,La Liga,Recreativo,Home,W,3,0,,
155,,1,2006-10-31,2006-2007,Champions Lg,Chelsea,Home,D,2,2,,
156,69174.0,1,2006-11-04,2006-2007,La Liga,Dep La Coruña,Away,D,1,1,,
157,68331.0,1,2006-11-12,2006-2007,La Liga,Zaragoza,Home,W,3,1,,
158,,1,2006-11-19,2006-2007,La Liga,Mallorca,Away,W,4,1,,
159,,1,2006-11-22,2006-2007,Champions Lg,Levski Sofia,Away,W,2,0,,
160,,1,2006-11-25,2006-2007,La Liga,Villarreal,Home,W,4,0,,
161,,1,2006-12-02,2006-2007,La Liga,Levante,Away,D,1,1,,
162,,1,2006-12-05,2006-2007,Champions Lg,Werder Bremen,Home,W,2,0,,
163,,1,2006-12-09,2006-2007,La Liga,Real Sociedad,Home,W,1,0,,
164,,1,2006-12-21,2006-2007,La Liga,Atlético Madrid,Home,D,1,1,,
165,,1,2007-01-07,2006-2007,La Liga,Getafe,Away,D,1,1,,
166,,1,2007-01-13,2006-2007,La Liga,Espanyol,Away,L,1,3,,
167,,1,2007-01-21,2006-2007,La Liga,Gimnàstic,Home,W,3,0,,
168,,1,2007-01-24,2006-2007,La Liga,Real Betis,Away,D,1,1,,
169,,1,2007-01-28,2006-2007,La Liga,Celta Vigo,Home,W,3,1,,
170,,1,2007-02-04,2006-2007,La Liga,Osasuna,Away,D,0,0,,
171,69154.0,1,2007-02-11,2006-2007,La Liga,Racing Sant,Home,W,2,0,,
172,68332.0,1,2007-02-18,2006-2007,La Liga,Valencia,Away,L,1,2,,
173,,1,2007-02-21,2006-2007,Champions Lg,Liverpool,Home,L,1,2,,
174,68333.0,1,2007-02-25,2006-2007,La Liga,Athletic Club,Home,W,3,0,,
175,68334.0,1,2007-03-03,2006-2007,La Liga,Sevilla,Away,L,1,2,,
176,,1,2007-03-06,2006-2007,Champions Lg,Liverpool,Away,W,1,0,,
177,68335.0,1,2007-03-10,2006-2007,La Liga,Real Madrid,Home,D,3,3,,
178,68341.0,1,2007-03-17,2006-2007,La Liga,Recreativo,Away,W,4,0,,
179,69175.0,1,2007-03-31,2006-2007,La Liga,Dep La Coruña,Home,W,2,1,,
180,69179.0,1,2007-04-07,2006-2007,La Liga,Zaragoza,Away,L,0,1,,
181,69159.0,1,2007-04-15,2006-2007,La Liga,Mallorca,Home,W,1,0,,
182,69155.0,1,2007-04-22,2006-2007,La Liga,Villarreal,Away,L,0,2,,
183,69156.0,1,2007-04-29,2006-2007,La Liga,Levante,Home,W,1,0,,
184,69160.0,1,2007-05-05,2006-2007,La Liga,Real Sociedad,Away,W,2,0,,
185,69162.0,1,2007-05-13,2006-2007,La Liga,Real Betis,Home,D,1,1,,
186,69176.0,1,2007-05-20,2006-2007,La Liga,Atlético Madrid,Away,W,6,0,,
187,69157.0,1,2007-05-26,2006-2007,La Liga,Getafe,Home,W,1,0,,
188,69165.0,1,2007-06-09,2006-2007,La Liga,Espanyol,Home,D,2,2,,
189,68336.0,1,2007-06-17,2006-2007,La Liga,Gimnàstic,Away,W,5,1,,
190,69180.0,1,2007-08-26,2007-2008,La Liga,Racing Sant,Away,D,0,0,,
191,69169.0,1,2007-09-02,2007-2008,La Liga,Athletic Club,Home,W,3,1,,
192,,1,2007-09-16,2007-2008,La Liga,Osasuna,Away,D,0,0,,
193,,1,2007-09-19,2007-2008,Champions Lg,Lyon,Home,W,3,0,,
194,69148.0,1,2007-09-22,2007-2008,La Liga,Sevilla,Home,W,2,1,,
195,69143.0,1,2007-09-26,2007-2008,La Liga,Zaragoza,Home,W,4,1,,
196,69151.0,1,2007-09-29,2007-2008,La Liga,Levante,Away,W,4,1,,
197,,1,2007-10-02,2007-2008,Champions Lg,Stuttgart,Away,W,2,0,,
198,69144.0,1,2007-10-07,2007-2008,La Liga,Atlético Madrid,Home,W,3,0,,
199,68364.0,1,2007-10-20,2007-2008,La Liga,Villarreal,Away,L,1,3,,
200,,1,2007-10-23,2007-2008,Champions Lg,Rangers,Away,D,0,0,,
201,69158.0,1,2007-10-28,2007-2008,La Liga,Almería,Home,W,2,0,,
202,68363.0,1,2007-11-01,2007-2008,La Liga,Valladolid,Away,D,1,1,,
203,69166.0,1,2007-11-04,2007-2008,La Liga,Real Betis,Home,W,3,0,,
204,,1,2007-11-07,2007-2008,Champions Lg,Rangers,Home,W,2,0,,
205,69178.0,1,2007-11-10,2007-2008,La Liga,Getafe,Away,L,0,2,,
206,69184.0,1,2007-11-24,2007-2008,La Liga,Recreativo,Home,W,3,0,,
207,,1,2007-11-27,2007-2008,Champions Lg,Lyon,Away,D,2,2,,
208,68356.0,1,2007-12-01,2007-2008,La Liga,Espanyol,Away,D,1,1,,
209,69170.0,1,2007-12-09,2007-2008,La Liga,Dep La Coruña,Home,W,2,1,,
210,,1,2007-12-12,2007-2008,Champions Lg,Stuttgart,Home,W,3,1,,
211,69145.0,1,2007-12-15,2007-2008,La Liga,Valencia,Away,W,3,0,,
212,,1,2007-12-23,2007-2008,La Liga,Real Madrid,Home,L,0,1,,
213,,1,2008-01-05,2007-2008,La Liga,Mallorca,Away,W,2,0,,
214,,1,2008-01-12,2007-2008,La Liga,Real Murcia,Home,W,4,0,,
215,69173.0,1,2008-01-20,2007-2008,La Liga,Racing Sant,Home,W,1,0,,
216,69181.0,1,2008-01-27,2007-2008,La Liga,Athletic Club,Away,D,1,1,,
217,69187.0,1,2008-02-03,2007-2008,La Liga,Osasuna,Home,W,1,0,,
218,69146.0,1,2008-02-09,2007-2008,La Liga,Sevilla,Away,D,1,1,,
219,69182.0,1,2008-02-16,2007-2008,La Liga,Zaragoza,Away,W,2,1,,
220,,1,2008-02-20,2007-2008,Champions Lg,Celtic,Away,W,3,2,,
221,68360.0,1,2008-02-24,2007-2008,La Liga,Levante,Home,W,5,1,,
222,68365.0,1,2008-03-01,2007-2008,La Liga,Atlético Madrid,Away,L,2,4,,
223,,1,2008-03-04,2007-2008,Champions Lg,Celtic,Home,W,1,0,,
224,,1,2008-03-09,2007-2008,La Liga,Villarreal,Home,L,1,2,,
225,,1,2008-03-16,2007-2008,La Liga,Almería,Away,D,2,2,,
226,,1,2008-03-23,2007-2008,La Liga,Valladolid,Home,W,4,1,,
227,,1,2008-03-29,2007-2008,La Liga,Real Betis,Away,L,2,3,,
228,,1,2008-04-01,2007-2008,Champions Lg,Schalke 04,Away,W,1,0,,
229,,1,2008-04-06,2007-2008,La Liga,Getafe,Home,D,0,0,,
230,,1,2008-04-09,2007-2008,Champions Lg,Schalke 04,Home,W,1,0,,
231,68358.0,1,2008-04-12,2007-2008,La Liga,Recreativo,Away,D,2,2,,
232,68359.0,1,2008-04-19,2007-2008,La Liga,Espanyol,Home,D,0,0,,
233,,1,2008-04-23,2007-2008,Champions Lg,Manchester Utd,Home,D,0,0,,
234,,1,2008-04-26,2007-2008,La Liga,Dep La Coruña,Away,L,0,2,,
235,,1,2008-04-29,2007-2008,Champions Lg,Manchester Utd,Away,L,0,1,,
236,69141.0,1,2008-05-04,2007-2008,La Liga,Valencia,Home,W,6,0,,
237,68361.0,1,2008-05-07,2007-2008,La Liga,Real Madrid,Away,L,1,4,,
238,68366.0,1,2008-05-11,2007-2008,La Liga,Mallorca,Home,L,2,3,,
239,69186.0,1,2008-05-17,2007-2008,La Liga,Real Murcia,Away,W,5,3,,
240,,2,2008-08-13,2008-2009,Champions Lg,Wisła Kraków,Home,W,4,0,,
241,,2,2008-08-26,2008-2009,Champions Lg,Wisła Kraków,Away,L,0,1,,
242,69147.0,2,2008-08-31,2008-2009,La Liga,Numancia,Away,L,0,1,,
243,69215.0,2,2008-09-13,2008-2009,La Liga,Racing Sant,Home,D,1,1,,
244,,2,2008-09-16,2008-2009,Champions Lg,Sporting CP,Home,W,3,1,,
245,69138.0,2,2008-09-21,2008-2009,La Liga,Sporting Gijón,Away,W,6,1,,
246,69207.0,2,2008-09-24,2008-2009,La Liga,Real Betis,Home,W,3,2,,
247,69211.0,2,2008-09-27,2008-2009,La Liga,Espanyol,Away,W,2,1,,
248,,2,2008-10-01,2008-2009,Champions Lg,Shakhtar Donetsk,Away,W,2,1,,
249,69212.0,2,2008-10-04,2008-2009,La Liga,Atlético Madrid,Home,W,6,1,,
250,,2,2008-10-19,2008-2009,La Liga,Athletic Club,Away,W,1,0,,
251,,2,2008-10-22,2008-2009,Champions Lg,Basel,Away,W,5,0,,
252,69232.0,2,2008-10-25,2008-2009,La Liga,Almería,Home,W,5,0,,
253,69235.0,2,2008-11-01,2008-2009,La Liga,Málaga,Away,W,4,1,,
254,,2,2008-11-04,2008-2009,Champions Lg,Basel,Home,D,1,1,,
255,69279.0,2,2008-11-08,2008-2009,La Liga,Valladolid,Home,W,6,0,,
256,69285.0,2,2008-11-16,2008-2009,La Liga,Recreativo,Away,W,2,0,,
257,,2,2008-11-23,2008-2009,La Liga,Getafe,Home,D,1,1,,
258,,2,2008-11-26,2008-2009,Champions Lg,Sporting CP,Away,W,5,2,,
259,69171.0,2,2008-11-29,2008-2009,La Liga,Sevilla,Away,W,3,0,,
260,69149.0,2,2008-12-06,2008-2009,La Liga,Valencia,Home,W,4,0,,
261,,2,2008-12-09,2008-2009,Champions Lg,Shakhtar Donetsk,Home,L,2,3,,
262,69225.0,2,2008-12-13,2008-2009,La Liga,Real Madrid,Home,W,2,0,,
263,69228.0,2,2008-12-21,2008-2009,La Liga,Villarreal,Away,W,2,1,,
264,,2,2009-01-03,2008-2009,La Liga,Mallorca,Home,W,3,1,,
265,69230.0,2,2009-01-11,2008-2009,La Liga,Osasuna,Away,W,3,2,,
266,69183.0,2,2009-01-17,2008-2009,La Liga,Dep La Coruña,Home,W,5,0,,
267,69189.0,2,2009-01-24,2008-2009,La Liga,Numancia,Home,W,4,1,,
268,69209.0,2,2009-02-01,2008-2009,La Liga,Racing Sant,Away,W,2,1,,
269,69231.0,2,2009-02-08,2008-2009,La Liga,Sporting Gijón,Home,W,3,1,,
270,69195.0,2,2009-02-14,2008-2009,La Liga,Real Betis,Away,D,2,2,,
271,69139.0,2,2009-02-21,2008-2009,La Liga,Espanyol,Home,L,1,2,,
272,,2,2009-02-24,2008-2009,Champions Lg,Lyon,Away,D,1,1,,
273,69185.0,2,2009-03-01,2008-2009,La Liga,Atlético Madrid,Away,L,3,4,,
274,69216.0,2,2009-03-07,2008-2009,La Liga,Athletic Club,Home,W,2,0,,
275,,2,2009-03-11,2008-2009,Champions Lg,Lyon,Home,W,5,2,,
276,69177.0,2,2009-03-15,2008-2009,La Liga,Almería,Away,W,2,0,,
277,69142.0,2,2009-03-22,2008-2009,La Liga,Málaga,Home,W,6,0,,
278,69273.0,2,2009-04-04,2008-2009,La Liga,Valladolid,Away,W,1,0,,
279,,2,2009-04-08,2008-2009,Champions Lg,Bayern Munich,Home,W,4,0,,
280,69222.0,2,2009-04-11,2008-2009,La Liga,Recreativo,Home,W,2,0,,
281,,2,2009-04-14,2008-2009,Champions Lg,Bayern Munich,Away,D,1,1,,
282,69223.0,2,2009-04-18,2008-2009,La Liga,Getafe,Away,W,1,0,,
283,,2,2009-04-22,2008-2009,La Liga,Sevilla,Home,W,4,0,,
284,69251.0,2,2009-04-25,2008-2009,La Liga,Valencia,Away,D,2,2,,
285,,2,2009-04-28,2008-2009,Champions Lg,Chelsea,Home,D,0,0,,
286,69249.0,2,2009-05-02,2008-2009,La Liga,Real Madrid,Away,W,6,2,,
287,,2,2009-05-06,2008-2009,Champions Lg,Chelsea,Away,D,1,1,,
288,69217.0,2,2009-05-10,2008-2009,La Liga,Villarreal,Home,D,3,3,,
289,,2,2009-05-17,2008-2009,La Liga,Mallorca,Away,L,1,2,,
290,,2,2009-05-23,2008-2009,La Liga,Osasuna,Home,L,0,1,,
291,3750201.0,2,2009-05-27,2008-2009,Champions Lg,Manchester Utd,Neutral,W,2,0,,
292,,2,2009-05-30,2008-2009,La Liga,Dep La Coruña,Away,D,1,1,,
293,,2,2009-08-31,2009-2010,La Liga,Sporting Gijón,Home,W,3,0,,
294,69229.0,2,2009-09-12,2009-2010,La Liga,Getafe,Away,W,2,0,,
295,,2,2009-09-16,2009-2010,Champions Lg,Inter,Away,D,0,0,,
296,69292.0,2,2009-09-19,2009-2010,La Liga,Atlético Madrid,Home,W,5,2,,
297,69254.0,2,2009-09-22,2009-2010,La Liga,Racing Sant,Away,W,4,1,,
298,69255.0,2,2009-09-26,2009-2010,La Liga,Málaga,Away,W,2,0,,
299,,2,2009-09-29,2009-2010,Champions Lg,Dynamo Kyiv,Home,W,2,0,,
300,69256.0,2,2009-10-03,2009-2010,La Liga,Almería,Home,W,1,0,,
301,69252.0,2,2009-10-17,2009-2010,La Liga,Valencia,Away,D,0,0,,
302,,2,2009-10-20,2009-2010,Champions Lg,Rubin Kazan,Home,L,1,2,,
303,69253.0,2,2009-10-25,2009-2010,La Liga,Zaragoza,Home,W,6,1,,
304,69277.0,2,2009-10-31,2009-2010,La Liga,Osasuna,Away,D,1,1,,
305,,2,2009-11-04,2009-2010,Champions Lg,Rubin Kazan,Away,D,0,0,,
306,69250.0,2,2009-11-07,2009-2010,La Liga,Mallorca,Home,W,4,2,,
307,69288.0,2,2009-11-21,2009-2010,La Liga,Athletic Club,Away,D,1,1,,
308,,2,2009-11-24,2009-2010,Champions Lg,Inter,Home,W,2,0,,
309,69262.0,2,2009-11-29,2009-2010,La Liga,Real Madrid,Home,W,1,0,,
310,69267.0,2,2009-12-02,2009-2010,La Liga,Xerez,Away,W,2,0,,
311,69218.0,2,2009-12-05,2009-2010,La Liga,Dep La Coruña,Away,W,3,1,,
312,,2,2009-12-09,2009-2010,Champions Lg,Dynamo Kyiv,Away,W,2,1,,
313,,2,2009-12-12,2009-2010,La Liga,Espanyol,Home,W,1,0,,
314,,2,2010-01-02,2009-2010,La Liga,Villarreal,Home,D,1,1,,
315,69219.0,2,2010-01-10,2009-2010,La Liga,Tenerife,Away,W,5,0,,
316,69243.0,2,2010-01-16,2009-2010,La Liga,Sevilla,Home,W,4,0,,
317,69210.0,2,2010-01-23,2009-2010,La Liga,Valladolid,Away,W,3,0,,
318,69220.0,2,2010-01-30,2009-2010,La Liga,Sporting Gijón,Away,W,1,0,,
319,69240.0,2,2010-02-06,2009-2010,La Liga,Getafe,Home,W,2,1,,
320,69237.0,2,2010-02-14,2009-2010,La Liga,Atlético Madrid,Away,L,1,2,,
321,69233.0,2,2010-02-20,2009-2010,La Liga,Racing Sant,Home,W,4,0,,
322,,2,2010-02-23,2009-2010,Champions Lg,Stuttgart,Away,D,1,1,,
323,69238.0,2,2010-02-27,2009-2010,La Liga,Málaga,Home,W,2,1,,
324,69226.0,2,2010-03-06,2009-2010,La Liga,Almería,Away,D,2,2,,
325,69224.0,2,2010-03-14,2009-2010,La Liga,Valencia,Home,W,3,0,,
326,,2,2010-03-17,2009-2010,Champions Lg,Stuttgart,Home,W,4,0,,
327,69227.0,2,2010-03-21,2009-2010,La Liga,Zaragoza,Away,W,4,2,,
328,69257.0,2,2010-03-24,2009-2010,La Liga,Osasuna,Home,W,2,0,,
329,69298.0,2,2010-03-27,2009-2010,La Liga,Mallorca,Away,W,1,0,,
330,,2,2010-03-31,2009-2010,Champions Lg,Arsenal,Away,D,2,2,,
331,69247.0,2,2010-04-03,2009-2010,La Liga,Athletic Club,Home,W,4,1,,
332,,2,2010-04-06,2009-2010,Champions Lg,Arsenal,Home,W,4,1,,
333,69259.0,2,2010-04-10,2009-2010,La Liga,Real Madrid,Away,W,2,0,,
334,69221.0,2,2010-04-14,2009-2010,La Liga,Dep La Coruña,Home,W,3,0,,
335,69213.0,2,2010-04-17,2009-2010,La Liga,Espanyol,Away,D,0,0,,
336,,2,2010-04-20,2009-2010,Champions Lg,Inter,Away,L,1,3,,
337,69214.0,2,2010-04-24,2009-2010,La Liga,Xerez,Home,W,3,1,,
338,,2,2010-04-28,2009-2010,Champions Lg,Inter,Home,W,1,0,,
339,69244.0,2,2010-05-01,2009-2010,La Liga,Villarreal,Away,W,4,1,,
340,69241.0,2,2010-05-04,2009-2010,La Liga,Tenerife,Home,W,4,1,,
341,69239.0,2,2010-05-08,2009-2010,La Liga,Sevilla,Away,W,3,2,,
342,69242.0,2,2010-05-16,2009-2010,La Liga,Valladolid,Home,W,4,0,,
343,69286.0,2,2010-08-29,2010-2011,La Liga,Racing Sant,Away,W,3,0,,
344,69287.0,2,2010-09-11,2010-2011,La Liga,Hércules,Home,L,0,2,,
345,,2,2010-09-14,2010-2011,Champions Lg,Panathinaikos,Home,W,5,1,,
346,69269.0,2,2010-09-19,2010-2011,La Liga,Atlético Madrid,Away,W,2,1,,
347,,2,2010-09-22,2010-2011,La Liga,Sporting Gijón,Home,W,1,0,,
348,,2,2010-09-25,2010-2011,La Liga,Athletic Club,Away,W,3,1,,
349,,2,2010-09-29,2010-2011,Champions Lg,Rubin Kazan,Away,D,1,1,,
350,69236.0,2,2010-10-03,2010-2011,La Liga,Mallorca,Home,D,1,1,,
351,69260.0,2,2010-10-16,2010-2011,La Liga,Valencia,Home,W,2,1,,
352,,2,2010-10-20,2010-2011,Champions Lg,FC Copenhagen,Home,W,2,0,,
353,69263.0,2,2010-10-23,2010-2011,La Liga,Zaragoza,Away,W,2,0,,
354,69289.0,2,2010-10-30,2010-2011,La Liga,Sevilla,Home,W,5,0,,
355,,2,2010-11-02,2010-2011,Champions Lg,FC Copenhagen,Away,D,1,1,,
356,69270.0,2,2010-11-07,2010-2011,La Liga,Getafe,Away,W,3,1,,
357,69308.0,2,2010-11-13,2010-2011,La Liga,Villarreal,Home,W,3,1,,
358,69306.0,2,2010-11-20,2010-2011,La Liga,Almería,Away,W,8,0,,
359,,2,2010-11-24,2010-2011,Champions Lg,Panathinaikos,Away,W,3,0,,
360,69299.0,2,2010-11-29,2010-2011,La Liga,Real Madrid,Home,W,5,0,,
361,69307.0,2,2010-12-04,2010-2011,La Liga,Osasuna,Away,W,3,0,,
362,,2,2010-12-07,2010-2011,Champions Lg,Rubin Kazan,Home,W,2,0,,
363,69302.0,2,2010-12-12,2010-2011,La Liga,Real Sociedad,Home,W,5,0,,
364,69275.0,2,2010-12-18,2010-2011,La Liga,Espanyol,Away,W,5,1,,
365,,2,2011-01-02,2010-2011,La Liga,Levante,Home,W,2,1,,
366,69280.0,2,2011-01-08,2010-2011,La Liga,Dep La Coruña,Away,W,4,0,,
367,69278.0,2,2011-01-16,2010-2011,La Liga,Málaga,Home,W,4,1,,
368,69295.0,2,2011-01-22,2010-2011,La Liga,Racing Sant,Home,W,3,0,,
369,69296.0,2,2011-01-29,2010-2011,La Liga,Hércules,Away,W,3,0,,
370,69276.0,2,2011-02-05,2010-2011,La Liga,Atlético Madrid,Home,W,3,0,,
371,69248.0,2,2011-02-12,2010-2011,La Liga,Sporting Gijón,Away,D,1,1,,
372,,2,2011-02-16,2010-2011,Champions Lg,Arsenal,Away,L,1,2,,
373,69282.0,2,2011-02-20,2010-2011,La Liga,Athletic Club,Home,W,2,1,,
374,69283.0,2,2011-02-26,2010-2011,La Liga,Mallorca,Away,W,3,0,,
375,69274.0,2,2011-03-02,2010-2011,La Liga,Valencia,Away,W,1,0,,
376,69300.0,2,2011-03-05,2010-2011,La Liga,Zaragoza,Home,W,1,0,,
377,,2,2011-03-08,2010-2011,Champions Lg,Arsenal,Home,W,3,1,,
378,69291.0,2,2011-03-13,2010-2011,La Liga,Sevilla,Away,D,1,1,,
379,69303.0,2,2011-03-19,2010-2011,La Liga,Getafe,Home,W,2,1,,
380,69304.0,2,2011-04-02,2010-2011,La Liga,Villarreal,Away,W,1,0,,
381,,2,2011-04-06,2010-2011,Champions Lg,Shakhtar Donetsk,Home,W,5,1,,
382,69305.0,2,2011-04-09,2010-2011,La Liga,Almería,Home,W,3,1,,
383,,2,2011-04-12,2010-2011,Champions Lg,Shakhtar Donetsk,Away,W,1,0,,
384,69245.0,2,2011-04-16,2010-2011,La Liga,Real Madrid,Away,D,1,1,,
385,69271.0,2,2011-04-23,2010-2011,La Liga,Osasuna,Home,W,2,0,,
386,,2,2011-04-27,2010-2011,Champions Lg,Real Madrid,Away,W,2,0,,
387,69246.0,2,2011-04-30,2010-2011,La Liga,Real Sociedad,Away,L,1,2,,
388,,2,2011-05-03,2010-2011,Champions Lg,Real Madrid,Home,D,1,1,,
389,69234.0,2,2011-05-08,2010-2011,La Liga,Espanyol,Home,W,2,0,,
390,69272.0,2,2011-05-11,2010-2011,La Liga,Levante,Away,D,1,1,,
391,,2,2011-05-15,2010-2011,La Liga,Dep La Coruña,Home,D,0,0,,
392,,2,2011-05-21,2010-2011,La Liga,Málaga,Away,W,3,1,,
393,18236.0,2,2011-05-28,2010-2011,Champions Lg,Manchester Utd,Neutral,W,3,1,,
394,69268.0,2,2011-08-29,2011-2012,La Liga,Villarreal,Home,W,5,0,,
395,69264.0,2,2011-09-10,2011-2012,La Liga,Real Sociedad,Away,D,2,2,,
396,,2,2011-09-13,2011-2012,Champions Lg,Milan,Home,D,2,2,,
397,70220.0,2,2011-09-17,2011-2012,La Liga,Osasuna,Home,W,8,0,,
398,70223.0,2,2011-09-21,2011-2012,La Liga,Valencia,Away,D,2,2,,
399,69297.0,2,2011-09-24,2011-2012,La Liga,Atlético Madrid,Home,W,5,0,,
400,,2,2011-09-28,2011-2012,Champions Lg,BATE Borisov,Away,W,5,0,,
401,69265.0,2,2011-10-02,2011-2012,La Liga,Sporting Gijón,Away,W,1,0,,
402,69293.0,2,2011-10-15,2011-2012,La Liga,Racing Sant,Home,W,3,0,,
403,,2,2011-10-19,2011-2012,Champions Lg,Viktoria Plzeň,Home,W,2,0,,
404,69329.0,2,2011-10-22,2011-2012,La Liga,Sevilla,Home,D,0,0,,
405,69318.0,2,2011-10-25,2011-2012,La Liga,Granada,Away,W,1,0,,
406,69314.0,2,2011-10-29,2011-2012,La Liga,Mallorca,Home,W,5,0,,
407,,2,2011-11-01,2011-2012,Champions Lg,Viktoria Plzeň,Away,W,4,0,,
408,69330.0,2,2011-11-06,2011-2012,La Liga,Athletic Club,Away,D,2,2,,
409,69331.0,2,2011-11-19,2011-2012,La Liga,Zaragoza,Home,W,4,0,,
410,,2,2011-11-23,2011-2012,Champions Lg,Milan,Away,W,3,2,,
411,69315.0,2,2011-11-26,2011-2012,La Liga,Getafe,Away,L,0,1,,
412,69332.0,2,2011-11-29,2011-2012,La Liga,Rayo Vallecano,Home,W,4,0,,
413,69333.0,2,2011-12-03,2011-2012,La Liga,Levante,Home,W,5,0,,
414,,2,2011-12-06,2011-2012,Champions Lg,BATE Borisov,Home,W,4,0,,
415,69334.0,2,2011-12-10,2011-2012,La Liga,Real Madrid,Away,W,3,1,,
416,69312.0,2,2012-01-08,2011-2012,La Liga,Espanyol,Away,D,1,1,,
417,69327.0,2,2012-01-15,2011-2012,La Liga,Real Betis,Home,W,4,2,,
418,69335.0,2,2012-01-22,2011-2012,La Liga,Málaga,Away,W,4,1,,
419,69338.0,2,2012-01-28,2011-2012,La Liga,Villarreal,Away,D,0,0,,
420,69316.0,2,2012-02-04,2011-2012,La Liga,Real Sociedad,Home,W,2,1,,
421,69336.0,2,2012-02-11,2011-2012,La Liga,Osasuna,Away,L,2,3,,
422,,2,2012-02-14,2011-2012,Champions Lg,Leverkusen,Away,W,3,1,,
423,69328.0,2,2012-02-19,2011-2012,La Liga,Valencia,Home,W,5,1,,
424,69337.0,2,2012-02-26,2011-2012,La Liga,Atlético Madrid,Away,W,2,1,,
425,,2,2012-03-03,2011-2012,La Liga,Sporting Gijón,Home,W,3,1,,
426,,2,2012-03-07,2011-2012,Champions Lg,Leverkusen,Home,W,7,1,,
427,69322.0,2,2012-03-11,2011-2012,La Liga,Racing Sant,Away,W,2,0,,
428,69326.0,2,2012-03-17,2011-2012,La Liga,Sevilla,Away,W,2,0,,
429,70225.0,2,2012-03-20,2011-2012,La Liga,Granada,Home,W,5,3,,
430,69325.0,2,2012-03-24,2011-2012,La Liga,Mallorca,Away,W,2,0,,
431,,2,2012-03-28,2011-2012,Champions Lg,Milan,Away,D,0,0,,
432,69323.0,2,2012-03-31,2011-2012,La Liga,Athletic Club,Home,W,2,0,,
433,,2,2012-04-03,2011-2012,Champions Lg,Milan,Home,W,3,1,,
434,70219.0,2,2012-04-07,2011-2012,La Liga,Zaragoza,Away,W,4,1,,
435,69343.0,2,2012-04-10,2011-2012,La Liga,Getafe,Home,W,4,0,,
436,70221.0,2,2012-04-14,2011-2012,La Liga,Levante,Away,W,2,1,,
437,,2,2012-04-18,2011-2012,Champions Lg,Chelsea,Away,L,0,1,,
438,69324.0,2,2012-04-21,2011-2012,La Liga,Real Madrid,Home,L,1,2,,
439,,2,2012-04-24,2011-2012,Champions Lg,Chelsea,Home,D,2,2,,
440,70224.0,2,2012-04-29,2011-2012,La Liga,Rayo Vallecano,Away,W,7,0,,
441,69340.0,2,2012-05-02,2011-2012,La Liga,Málaga,Home,W,4,1,,
442,69320.0,2,2012-05-05,2011-2012,La Liga,Espanyol,Home,W,4,0,,
443,69319.0,2,2012-05-12,2011-2012,La Liga,Real Betis,Away,D,2,2,,
444,70259.0,3,2012-08-19,2012-2013,La Liga,Real Sociedad,Home,W,5,1,,
445,70262.0,3,2012-08-26,2012-2013,La Liga,Osasuna,Away,W,2,1,,
446,70286.0,3,2012-09-02,2012-2013,La Liga,Valencia,Home,W,1,0,,
447,70292.0,3,2012-09-15,2012-2013,La Liga,Getafe,Away,W,4,1,,
448,,3,2012-09-19,2012-2013,Champions Lg,Spartak Moscow,Home,W,3,2,,
449,70270.0,3,2012-09-22,2012-2013,La Liga,Granada,Home,W,2,0,,
450,70275.0,3,2012-09-29,2012-2013,La Liga,Sevilla,Away,W,3,2,,
451,,3,2012-10-02,2012-2013,Champions Lg,Benfica,Away,W,2,0,,
452,70300.0,3,2012-10-07,2012-2013,La Liga,Real Madrid,Home,D,2,2,,
453,70304.0,3,2012-10-20,2012-2013,La Liga,Dep La Coruña,Away,W,5,4,,
454,,3,2012-10-23,2012-2013,Champions Lg,Celtic,Home,W,2,1,,
455,70276.0,3,2012-10-27,2012-2013,La Liga,Rayo Vallecano,Away,W,5,0,,
456,70308.0,3,2012-11-03,2012-2013,La Liga,Celta Vigo,Home,W,3,1,,
457,,3,2012-11-07,2012-2013,Champions Lg,Celtic,Away,L,1,2,,
458,266724.0,3,2012-11-11,2012-2013,La Liga,Mallorca,Away,W,4,2,,
459,70309.0,3,2012-11-17,2012-2013,La Liga,Zaragoza,Home,W,3,1,,
460,,3,2012-11-20,2012-2013,Champions Lg,Spartak Moscow,Away,W,3,0,,
461,70280.0,3,2012-11-25,2012-2013,La Liga,Levante,Away,W,4,0,,
462,70263.0,3,2012-12-01,2012-2013,La Liga,Athletic Club,Home,W,5,1,,
463,,3,2012-12-05,2012-2013,Champions Lg,Benfica,Home,D,0,0,,
464,70295.0,3,2012-12-09,2012-2013,La Liga,Real Betis,Away,W,2,1,,
465,70296.0,3,2012-12-16,2012-2013,La Liga,Atlético Madrid,Home,W,4,1,,
466,266015.0,3,2012-12-22,2012-2013,La Liga,Valladolid,Away,W,3,1,,
467,266433.0,3,2013-01-06,2012-2013,La Liga,Espanyol,Home,W,4,0,,
468,266827.0,3,2013-01-13,2012-2013,La Liga,Málaga,Away,W,3,1,,
469,70287.0,3,2013-01-19,2012-2013,La Liga,Real Sociedad,Away,L,2,3,,
470,70260.0,3,2013-01-27,2012-2013,La Liga,Osasuna,Home,W,5,1,,
471,70282.0,3,2013-02-03,2012-2013,La Liga,Valencia,Away,D,1,1,,
472,70297.0,3,2013-02-10,2012-2013,La Liga,Getafe,Home,W,6,1,,
473,70294.0,3,2013-02-16,2012-2013,La Liga,Granada,Away,W,2,1,,
474,,3,2013-02-20,2012-2013,Champions Lg,Milan,Away,L,0,2,,
475,70271.0,3,2013-02-23,2012-2013,La Liga,Sevilla,Home,W,2,1,,
476,70272.0,3,2013-03-02,2012-2013,La Liga,Real Madrid,Away,L,1,2,,
477,70305.0,3,2013-03-09,2012-2013,La Liga,Dep La Coruña,Home,W,2,0,,
478,,3,2013-03-12,2012-2013,Champions Lg,Milan,Home,W,4,0,,
479,70307.0,3,2013-03-17,2012-2013,La Liga,Rayo Vallecano,Home,W,3,1,,
480,70256.0,3,2013-03-30,2012-2013,La Liga,Celta Vigo,Away,D,2,2,,
481,,3,2013-04-02,2012-2013,Champions Lg,Paris Saint-Germain,Away,D,2,2,,
482,,3,2013-04-06,2012-2013,La Liga,Mallorca,Home,W,5,0,,
483,,3,2013-04-10,2012-2013,Champions Lg,Paris Saint-Germain,Home,D,1,1,,
484,,3,2013-04-14,2012-2013,La Liga,Zaragoza,Away,W,3,0,,
485,,3,2013-04-20,2012-2013,La Liga,Levante,Home,W,1,0,,
486,,3,2013-04-23,2012-2013,Champions Lg,Bayern Munich,Away,L,0,4,,
487,267502.0,3,2013-04-27,2012-2013,La Liga,Athletic Club,Away,D,2,2,,
488,,3,2013-05-01,2012-2013,Champions Lg,Bayern Munich,Home,L,0,3,,
489,70281.0,3,2013-05-05,2012-2013,La Liga,Real Betis,Home,W,4,2,,
490,70284.0,3,2013-05-12,2012-2013,La Liga,Atlético Madrid,Away,W,2,1,,
491,,3,2013-05-19,2012-2013,La Liga,Valladolid,Home,W,2,1,,
492,,3,2013-05-26,2012-2013,La Liga,Espanyol,Away,W,2,0,,
493,,3,2013-06-01,2012-2013,La Liga,Málaga,Home,W,4,1,,
494,70277.0,4,2013-08-18,2013-2014,La Liga,Levante,Home,W,7,0,,
495,,4,2013-08-25,2013-2014,La Liga,Málaga,Away,W,1,0,,
496,70298.0,4,2013-09-01,2013-2014,La Liga,Valencia,Away,W,3,2,,
497,70301.0,4,2013-09-14,2013-2014,La Liga,Sevilla,Home,W,3,2,,
498,,4,2013-09-18,2013-2014,Champions Lg,Ajax,Home,W,4,0,,
499,70302.0,4,2013-09-21,2013-2014,La Liga,Rayo Vallecano,Away,W,4,0,,
500,267520.0,4,2013-09-24,2013-2014,La Liga,Real Sociedad,Home,W,4,1,,
501,266420.0,4,2013-09-28,2013-2014,La Liga,Almería,Away,W,2,0,,
502,,4,2013-10-01,2013-2014,Champions Lg,Celtic,Away,W,1,0,,
503,,4,2013-10-05,2013-2014,La Liga,Valladolid,Home,W,4,1,,
504,266462.0,4,2013-10-19,2013-2014,La Liga,Osasuna,Away,D,0,0,,
505,,4,2013-10-22,2013-2014,Champions Lg,Milan,Away,D,1,1,,
506,70293.0,4,2013-10-26,2013-2014,La Liga,Real Madrid,Home,W,2,1,,
507,267192.0,4,2013-10-29,2013-2014,La Liga,Celta Vigo,Away,W,3,0,,
508,70283.0,4,2013-11-01,2013-2014,La Liga,Espanyol,Home,W,1,0,,
509,,4,2013-11-06,2013-2014,Champions Lg,Milan,Home,W,3,1,,
510,266883.0,4,2013-11-10,2013-2014,La Liga,Real Betis,Away,W,4,1,,
511,,4,2013-11-23,2013-2014,La Liga,Granada,Home,W,4,0,,
512,,4,2013-11-26,2013-2014,Champions Lg,Ajax,Away,L,1,2,,
513,,4,2013-12-01,2013-2014,La Liga,Athletic Club,Away,L,0,1,,
514,,4,2013-12-11,2013-2014,Champions Lg,Celtic,Home,W,6,1,,
515,,4,2013-12-14,2013-2014,La Liga,Villarreal,Home,W,2,1,,
516,,4,2013-12-22,2013-2014,La Liga,Getafe,Away,W,5,2,,
517,,4,2014-01-05,2013-2014,La Liga,Elche,Home,W,4,0,,
518,265830.0,4,2014-01-11,2013-2014,La Liga,Atlético Madrid,Away,D,0,0,,
519,70288.0,4,2014-01-19,2013-2014,La Liga,Levante,Away,D,1,1,,
520,70291.0,4,2014-01-26,2013-2014,La Liga,Málaga,Home,W,3,0,,
521,266613.0,4,2014-02-01,2013-2014,La Liga,Valencia,Home,L,2,3,,
522,267675.0,4,2014-02-09,2013-2014,La Liga,Sevilla,Away,W,4,1,,
523,265918.0,4,2014-02-15,2013-2014,La Liga,Rayo Vallecano,Home,W,6,0,,
524,,4,2014-02-18,2013-2014,Champions Lg,Manchester City,Away,W,2,0,,
525,265837.0,4,2014-02-22,2013-2014,La Liga,Real Sociedad,Away,L,1,3,,
526,266066.0,4,2014-03-02,2013-2014,La Liga,Almería,Home,W,4,1,,
527,266603.0,4,2014-03-08,2013-2014,La Liga,Valladolid,Away,L,0,1,,
528,,4,2014-03-12,2013-2014,Champions Lg,Manchester City,Home,W,2,1,,
529,266074.0,4,2014-03-16,2013-2014,La Liga,Osasuna,Home,W,7,0,,
530,265857.0,4,2014-03-23,2013-2014,La Liga,Real Madrid,Away,W,4,3,,
531,266274.0,4,2014-03-26,2013-2014,La Liga,Celta Vigo,Home,W,3,0,,
532,70306.0,4,2014-03-29,2013-2014,La Liga,Espanyol,Away,W,1,0,,
533,,4,2014-04-01,2013-2014,Champions Lg,Atlético Madrid,Home,D,1,1,,
534,267368.0,4,2014-04-05,2013-2014,La Liga,Real Betis,Home,W,3,1,,
535,,4,2014-04-09,2013-2014,Champions Lg,Atlético Madrid,Away,L,0,1,,
536,267138.0,4,2014-04-12,2013-2014,La Liga,Granada,Away,L,0,1,,
537,267567.0,4,2014-04-20,2013-2014,La Liga,Athletic Club,Home,W,2,1,,
538,70289.0,4,2014-04-27,2013-2014,La Liga,Villarreal,Away,W,3,2,,
539,266491.0,4,2014-05-03,2013-2014,La Liga,Getafe,Home,D,2,2,,
540,266201.0,4,2014-05-11,2013-2014,La Liga,Elche,Away,D,0,0,,
541,266256.0,4,2014-05-17,2013-2014,La Liga,Atlético Madrid,Home,D,1,1,,
542,266921.0,5,2014-08-24,2014-2015,La Liga,Elche,Home,W,3,0,,
543,266406.0,5,2014-08-31,2014-2015,La Liga,Villarreal,Away,W,1,0,,
544,70273.0,5,2014-09-13,2014-2015,La Liga,Athletic Club,Home,W,2,0,,
545,,5,2014-09-17,2014-2015,Champions Lg,APOEL FC,Home,W,1,0,,
546,266770.0,5,2014-09-21,2014-2015,La Liga,Levante,Away,W,5,0,,
547,266838.0,5,2014-09-24,2014-2015,La Liga,Málaga,Away,D,0,0,,
548,266117.0,5,2014-09-27,2014-2015,La Liga,Granada,Home,W,6,0,,
549,,5,2014-09-30,2014-2015,Champions Lg,Paris Saint-Germain,Away,L,2,3,,
550,267561.0,5,2014-10-04,2014-2015,La Liga,Rayo Vallecano,Away,W,2,0,,
551,265896.0,5,2014-10-18,2014-2015,La Liga,Eibar,Home,W,3,0,,
552,,5,2014-10-21,2014-2015,Champions Lg,Ajax,Home,W,3,1,,
553,267085.0,5,2014-10-25,2014-2015,La Liga,Real Madrid,Away,L,1,3,,
554,267301.0,5,2014-11-01,2014-2015,La Liga,Celta Vigo,Home,L,0,1,,
555,,5,2014-11-05,2014-2015,Champions Lg,Ajax,Away,W,2,0,,
556,267499.0,5,2014-11-08,2014-2015,La Liga,Almería,Away,W,2,1,,
557,265835.0,5,2014-11-22,2014-2015,La Liga,Sevilla,Home,W,5,1,,
558,,5,2014-11-25,2014-2015,Champions Lg,APOEL FC,Away,W,4,0,,
559,266560.0,5,2014-11-30,2014-2015,La Liga,Valencia,Away,W,1,0,,
560,,5,2014-12-03,2014-2015,Copa del Rey,Huesca,Away,W,4,0,,
561,266320.0,5,2014-12-07,2014-2015,La Liga,Espanyol,Home,W,5,1,,
562,,5,2014-12-10,2014-2015,Champions Lg,Paris Saint-Germain,Home,W,3,1,,
563,70264.0,5,2014-12-13,2014-2015,La Liga,Getafe,Away,D,0,0,,
564,,5,2014-12-16,2014-2015,Copa del Rey,Huesca,Home,W,8,1,,
565,266846.0,5,2014-12-20,2014-2015,La Liga,Córdoba,Home,W,5,0,,
566,266240.0,5,2015-01-04,2014-2015,La Liga,Real Sociedad,Away,L,0,1,,
567,,5,2015-01-08,2014-2015,Copa del Rey,Elche,Home,W,5,0,,
568,70303.0,5,2015-01-11,2014-2015,La Liga,Atlético Madrid,Home,W,3,1,,
569,,5,2015-01-15,2014-2015,Copa del Rey,Elche,Away,W,4,0,,
570,266230.0,5,2015-01-18,2014-2015,La Liga,Dep La Coruña,Away,W,4,0,,
571,,5,2015-01-21,2014-2015,Copa del Rey,Atlético Madrid,Home,W,1,0,,
572,266794.0,5,2015-01-24,2014-2015,La Liga,Elche,Away,W,6,0,,
573,,5,2015-01-28,2014-2015,Copa del Rey,Atlético Madrid,Away,W,3,2,,
574,267597.0,5,2015-02-01,2014-2015,La Liga,Villarreal,Home,W,3,2,,
575,266871.0,5,2015-02-08,2014-2015,La Liga,Athletic Club,Away,W,5,2,,
576,,5,2015-02-11,2014-2015,Copa del Rey,Villarreal,Home,W,3,1,,
577,266741.0,5,2015-02-15,2014-2015,La Liga,Levante,Home,W,5,0,,
578,266148.0,5,2015-02-21,2014-2015,La Liga,Málaga,Home,L,0,1,,
579,,5,2015-02-24,2014-2015,Champions Lg,Manchester City,Away,W,2,1,,
580,267343.0,5,2015-02-28,2014-2015,La Liga,Granada,Away,W,3,1,,
581,,5,2015-03-04,2014-2015,Copa del Rey,Villarreal,Away,W,3,1,,
582,266916.0,5,2015-03-08,2014-2015,La Liga,Rayo Vallecano,Home,W,6,1,,
583,266967.0,5,2015-03-14,2014-2015,La Liga,Eibar,Away,W,2,0,,
584,,5,2015-03-18,2014-2015,Champions Lg,Manchester City,Home,W,1,0,,
585,267183.0,5,2015-03-22,2014-2015,La Liga,Real Madrid,Home,W,2,1,,
586,266929.0,5,2015-04-05,2014-2015,La Liga,Celta Vigo,Away,W,1,0,,
587,267400.0,5,2015-04-08,2014-2015,La Liga,Almería,Home,W,4,0,,
588,266142.0,5,2015-04-11,2014-2015,La Liga,Sevilla,Away,D,2,2,,
589,,5,2015-04-15,2014-2015,Champions Lg,Paris Saint-Germain,Away,W,3,1,,
590,266525.0,5,2015-04-18,2014-2015,La Liga,Valencia,Home,W,2,0,,
591,,5,2015-04-21,2014-2015,Champions Lg,Paris Saint-Germain,Home,W,2,0,,
592,266531.0,5,2015-04-25,2014-2015,La Liga,Espanyol,Away,W,2,0,,
593,265963.0,5,2015-04-28,2014-2015,La Liga,Getafe,Home,W,6,0,,
594,265866.0,5,2015-05-02,2014-2015,La Liga,Córdoba,Away,W,8,0,,
595,,5,2015-05-06,2014-2015,Champions Lg,Bayern Munich,Home,W,3,0,,
596,266045.0,5,2015-05-09,2014-2015,La Liga,Real Sociedad,Home,W,2,0,,
597,,5,2015-05-12,2014-2015,Champions Lg,Bayern Munich,Away,L,2,3,,
598,266631.0,5,2015-05-17,2014-2015,La Liga,Atlético Madrid,Away,W,1,0,,
599,267197.0,5,2015-05-23,2014-2015,La Liga,Dep La Coruña,Home,D,2,2,,
600,,5,2015-05-30,2014-2015,Copa del Rey,Athletic Club,Away,W,3,1,,
601,18242.0,5,2015-06-06,2014-2015,Champions Lg,Juventus,Neutral,W,3,1,,
602,,5,2015-08-11,2015-2016,Super Cup,Sevilla,Home,W,5,4,,
603,,5,2015-08-14,2015-2016,Supercopa de España,Athletic Club,Away,L,0,4,,
604,,5,2015-08-17,2015-2016,Supercopa de España,Athletic Club,Home,D,1,1,,
605,266236.0,5,2015-08-23,2015-2016,La Liga,Athletic Club,Away,W,1,0,,
606,267422.0,5,2015-08-29,2015-2016,La Liga,Málaga,Home,W,1,0,,
607,266166.0,5,2015-09-12,2015-2016,La Liga,Atlético Madrid,Away,W,2,1,,
608,,5,2015-09-16,2015-2016,Champions Lg,Roma,Away,D,1,1,,
609,266490.0,5,2015-09-20,2015-2016,La Liga,Levante,Home,W,4,1,,
610,266467.0,5,2015-09-23,2015-2016,La Liga,Celta Vigo,Away,L,1,4,,
611,267611.0,5,2015-09-26,2015-2016,La Liga,Las Palmas,Home,W,2,1,,
612,,5,2015-09-29,2015-2016,Champions Lg,Leverkusen,Home,W,2,1,,
613,3825617.0,5,2015-10-03,2015-2016,La Liga,Sevilla,Away,L,1,2,,
614,3825627.0,5,2015-10-17,2015-2016,La Liga,Rayo Vallecano,Home,W,5,2,,
615,,5,2015-10-20,2015-2016,Champions Lg,BATE Borisov,Away,W,2,0,,
616,3825637.0,5,2015-10-25,2015-2016,La Liga,Eibar,Home,W,3,1,,
617,,5,2015-10-28,2015-2016,Copa del Rey,Villanovense,Away,D,0,0,,
618,3825645.0,5,2015-10-31,2015-2016,La Liga,Getafe,Away,W,2,0,,
619,,5,2015-11-04,2015-2016,Champions Lg,BATE Borisov,Home,W,3,0,,
620,3825660.0,5,2015-11-08,2015-2016,La Liga,Villarreal,Home,W,3,0,,
621,266424.0,5,2015-11-21,2015-2016,La Liga,Real Madrid,Away,W,4,0,,
622,,5,2015-11-24,2015-2016,Champions Lg,Roma,Home,W,6,1,,
623,266885.0,5,2015-11-28,2015-2016,La Liga,Real Sociedad,Home,W,4,0,,
624,,5,2015-12-02,2015-2016,Copa del Rey,Villanovense,Home,W,6,1,,
625,267274.0,5,2015-12-05,2015-2016,La Liga,Valencia,Away,D,1,1,,
626,,5,2015-12-09,2015-2016,Champions Lg,Leverkusen,Away,D,1,1,,
627,266961.0,5,2015-12-12,2015-2016,La Liga,Dep La Coruña,Home,D,2,2,,
628,267327.0,5,2015-12-30,2015-2016,La Liga,Real Betis,Home,W,4,0,,
629,266670.0,5,2016-01-02,2015-2016,La Liga,Espanyol,Away,D,0,0,,
630,,5,2016-01-06,2015-2016,Copa del Rey,Espanyol,Home,W,4,1,,
631,266620.0,5,2016-01-09,2015-2016,La Liga,Granada,Home,W,4,0,,
632,,5,2016-01-13,2015-2016,Copa del Rey,Espanyol,Away,W,2,0,,
633,266149.0,5,2016-01-17,2015-2016,La Liga,Athletic Club,Home,W,6,0,,
634,,5,2016-01-20,2015-2016,Copa del Rey,Athletic Club,Away,W,2,1,,
635,265894.0,5,2016-01-23,2015-2016,La Liga,Málaga,Away,W,2,1,,
636,,5,2016-01-27,2015-2016,Copa del Rey,Athletic Club,Home,W,3,1,,
637,267576.0,5,2016-01-30,2015-2016,La Liga,Atlético Madrid,Home,W,2,1,,
638,,5,2016-02-03,2015-2016,Copa del Rey,Valencia,Home,W,7,0,,
639,266160.0,5,2016-02-07,2015-2016,La Liga,Levante,Away,W,2,0,,
640,,5,2016-02-10,2015-2016,Copa del Rey,Valencia,Away,D,1,1,,
641,266254.0,5,2016-02-14,2015-2016,La Liga,Celta Vigo,Home,W,6,1,,
642,266815.0,5,2016-02-17,2015-2016,La Liga,Sporting Gijón,Away,W,3,1,,
643,267273.0,5,2016-02-20,2015-2016,La Liga,Las Palmas,Away,W,2,1,,
644,,5,2016-02-23,2015-2016,Champions Lg,Arsenal,Away,W,2,0,,
645,265839.0,5,2016-02-28,2015-2016,La Liga,Sevilla,Home,W,2,1,,
646,266653.0,5,2016-03-03,2015-2016,La Liga,Rayo Vallecano,Away,W,5,1,,
647,266056.0,5,2016-03-06,2015-2016,La Liga,Eibar,Away,W,4,0,,
648,266498.0,5,2016-03-12,2015-2016,La Liga,Getafe,Home,W,6,0,,
649,,5,2016-03-16,2015-2016,Champions Lg,Arsenal,Home,W,3,1,,
650,266106.0,5,2016-03-20,2015-2016,La Liga,Villarreal,Away,D,2,2,,
651,267533.0,5,2016-04-02,2015-2016,La Liga,Real Madrid,Home,L,1,2,,
652,,5,2016-04-05,2015-2016,Champions Lg,Atlético Madrid,Home,W,2,1,,
653,266664.0,5,2016-04-09,2015-2016,La Liga,Real Sociedad,Away,L,0,1,,
654,,5,2016-04-13,2015-2016,Champions Lg,Atlético Madrid,Away,L,0,2,,
655,266557.0,5,2016-04-17,2015-2016,La Liga,Valencia,Home,L,1,2,,
656,266310.0,5,2016-04-20,2015-2016,La Liga,Dep La Coruña,Away,W,8,0,,
657,265944.0,5,2016-04-23,2015-2016,La Liga,Sporting Gijón,Home,W,6,0,,
658,266986.0,5,2016-04-30,2015-2016,La Liga,Real Betis,Away,W,2,0,,
659,265958.0,5,2016-05-08,2015-2016,La Liga,Espanyol,Home,W,5,0,,
660,267506.0,5,2016-05-14,2015-2016,La Liga,Granada,Away,W,3,0,,
661,,5,2016-05-22,2015-2016,Copa del Rey,Sevilla,Home,W,2,0,,
662,,5,2016-08-14,2016-2017,Supercopa de España,Sevilla,Away,W,2,0,,
663,,5,2016-08-17,2016-2017,Supercopa de España,Sevilla,Home,W,3,0,,
664,267670.0,5,2016-08-20,2016-2017,La Liga,Real Betis,Home,W,6,2,,
665,266892.0,5,2016-08-28,2016-2017,La Liga,Athletic Club,Away,W,1,0,,
666,266669.0,5,2016-09-10,2016-2017,La Liga,Alavés,Home,L,1,2,,
667,,5,2016-09-13,2016-2017,Champions Lg,Celtic,Home,W,7,0,,
668,267212.0,5,2016-09-17,2016-2017,La Liga,Leganés,Away,W,5,1,,
669,267220.0,5,2016-09-21,2016-2017,La Liga,Atlético Madrid,Home,D,1,1,,
670,,5,2016-09-24,2016-2017,La Liga,Sporting Gijón,Away,W,5,0,,
671,,5,2016-09-28,2016-2017,Champions Lg,Gladbach,Away,W,2,1,,
672,,5,2016-10-02,2016-2017,La Liga,Celta Vigo,Away,L,3,4,,
673,267492.0,5,2016-10-15,2016-2017,La Liga,Dep La Coruña,Home,W,4,0,,
674,,5,2016-10-19,2016-2017,Champions Lg,Manchester City,Home,W,4,0,,
675,266033.0,5,2016-10-22,2016-2017,La Liga,Valencia,Away,W,3,2,,
676,267058.0,5,2016-10-29,2016-2017,La Liga,Granada,Home,W,1,0,,
677,,5,2016-11-01,2016-2017,Champions Lg,Manchester City,Away,L,1,3,,
678,266989.0,5,2016-11-06,2016-2017,La Liga,Sevilla,Away,W,2,1,,
679,,5,2016-11-19,2016-2017,La Liga,Málaga,Home,D,0,0,,
680,,5,2016-11-23,2016-2017,Champions Lg,Celtic,Away,W,2,0,,
681,266191.0,5,2016-11-27,2016-2017,La Liga,Real Sociedad,Away,D,1,1,,
682,,5,2016-11-30,2016-2017,Copa del Rey,Hércules,Away,D,1,1,,
683,267076.0,5,2016-12-03,2016-2017,La Liga,Real Madrid,Home,D,1,1,,
684,,5,2016-12-06,2016-2017,Champions Lg,Gladbach,Home,W,4,0,,
685,266357.0,5,2016-12-10,2016-2017,La Liga,Osasuna,Away,W,3,0,,
686,266528.0,5,2016-12-18,2016-2017,La Liga,Espanyol,Home,W,4,1,,
687,,5,2016-12-21,2016-2017,Copa del Rey,Hércules,Home,W,7,0,,
688,,5,2017-01-05,2016-2017,Copa del Rey,Athletic Club,Away,L,1,2,,
689,266477.0,5,2017-01-08,2016-2017,La Liga,Villarreal,Away,D,1,1,,
690,,5,2017-01-11,2016-2017,Copa del Rey,Athletic Club,Home,W,3,1,,
691,267395.0,5,2017-01-14,2016-2017,La Liga,Las Palmas,Home,W,5,0,,
692,,5,2017-01-19,2016-2017,Copa del Rey,Real Sociedad,Away,W,1,0,,
693,266731.0,5,2017-01-22,2016-2017,La Liga,Eibar,Away,W,4,0,,
694,,5,2017-01-26,2016-2017,Copa del Rey,Real Sociedad,Home,W,5,2,,
695,266516.0,5,2017-01-29,2016-2017,La Liga,Real Betis,Away,D,1,1,,
696,,5,2017-02-01,2016-2017,Copa del Rey,Atlético Madrid,Away,W,2,1,,
697,266874.0,5,2017-02-04,2016-2017,La Liga,Athletic Club,Home,W,3,0,,
698,,5,2017-02-07,2016-2017,Copa del Rey,Atlético Madrid,Home,D,1,1,,
699,266273.0,5,2017-02-11,2016-2017,La Liga,Alavés,Away,W,6,0,,
700,,5,2017-02-14,2016-2017,Champions Lg,Paris Saint-Germain,Away,L,0,4,,
701,267596.0,5,2017-02-19,2016-2017,La Liga,Leganés,Home,W,2,1,,
702,267464.0,5,2017-02-26,2016-2017,La Liga,Atlético Madrid,Away,W,2,1,,
703,265952.0,5,2017-03-01,2016-2017,La Liga,Sporting Gijón,Home,W,6,1,,
704,266299.0,5,2017-03-04,2016-2017,La Liga,Celta Vigo,Home,W,5,0,,
705,,5,2017-03-08,2016-2017,Champions Lg,Paris Saint-Germain,Home,W,6,1,,
706,267660.0,5,2017-03-12,2016-2017,La Liga,Dep La Coruña,Away,L,1,2,,
707,266440.0,5,2017-03-19,2016-2017,La Liga,Valencia,Home,W,4,2,,
708,,5,2017-04-02,2016-2017,La Liga,Granada,Away,W,4,1,,
709,266280.0,5,2017-04-05,2016-2017,La Liga,Sevilla,Home,W,3,0,,
710,267590.0,5,2017-04-08,2016-2017,La Liga,Málaga,Away,L,0,2,,
711,,5,2017-04-11,2016-2017,Champions Lg,Juventus,Away,L,0,3,,
712,267373.0,5,2017-04-15,2016-2017,La Liga,Real Sociedad,Home,W,3,2,,
713,,5,2017-04-19,2016-2017,Champions Lg,Juventus,Home,D,0,0,,
714,267569.0,5,2017-04-23,2016-2017,La Liga,Real Madrid,Away,W,3,2,,
715,267101.0,5,2017-04-26,2016-2017,La Liga,Osasuna,Home,W,7,1,,
716,267077.0,5,2017-04-29,2016-2017,La Liga,Espanyol,Away,W,3,0,,
717,266952.0,5,2017-05-06,2016-2017,La Liga,Villarreal,Home,W,4,1,,
718,267039.0,5,2017-05-14,2016-2017,La Liga,Las Palmas,Away,W,4,1,,
719,267432.0,5,2017-05-21,2016-2017,La Liga,Eibar,Home,W,4,2,,
720,,5,2017-05-27,2016-2017,Copa del Rey,Alavés,Home,W,3,1,,
721,,6,2017-08-13,2017-2018,Supercopa de España,Real Madrid,Neutral,L,1,3,,
722,,6,2017-08-16,2017-2018,Supercopa de España,Real Madrid,Away,L,0,2,,
723,9575.0,6,2017-08-20,2017-2018,La Liga,Real Betis,Home,W,2,0,,
724,9581.0,6,2017-08-26,2017-2018,La Liga,Alavés,Away,W,2,0,,
725,9592.0,6,2017-09-09,2017-2018,La Liga,Espanyol,Home,W,5,0,,
726,,6,2017-09-12,2017-2018,Champions Lg,Juventus,Home,W,3,0,,
727,9602.0,6,2017-09-16,2017-2018,La Liga,Getafe,Away,W,2,1,,
728,9609.0,6,2017-09-19,2017-2018,La Liga,Eibar,Home,W,6,1,,
729,9620.0,6,2017-09-23,2017-2018,La Liga,Girona,Away,W,3,0,,
730,,6,2017-09-27,2017-2018,Champions Lg,Sporting CP,Away,W,1,0,,
731,9636.0,6,2017-10-01,2017-2018,La Liga,Las Palmas,Home,W,3,0,,
732,9642.0,6,2017-10-14,2017-2018,La Liga,Atlético Madrid,Away,D,1,1,,
733,,6,2017-10-18,2017-2018,Champions Lg,Olympiacos,Home,W,3,1,,
734,9650.0,6,2017-10-21,2017-2018,La Liga,Málaga,Home,W,2,0,,
735,,6,2017-10-24,2017-2018,Copa del Rey,Real Murcia,Away,W,3,0,,
736,9661.0,6,2017-10-28,2017-2018,La Liga,Athletic Club,Away,W,2,0,,
737,,6,2017-10-31,2017-2018,Champions Lg,Olympiacos,Away,D,0,0,,
738,9673.0,6,2017-11-04,2017-2018,La Liga,Sevilla,Home,W,2,1,,
739,9682.0,6,2017-11-18,2017-2018,La Liga,Leganés,Away,W,3,0,,
740,,6,2017-11-22,2017-2018,Champions Lg,Juventus,Away,D,0,0,,
741,9695.0,6,2017-11-26,2017-2018,La Liga,Valencia,Away,D,1,1,,
742,,6,2017-11-29,2017-2018,Copa del Rey,Real Murcia,Home,W,5,0,,
743,9700.0,6,2017-12-02,2017-2018,La Liga,Celta Vigo,Home,D,2,2,,
744,,6,2017-12-05,2017-2018,Champions Lg,Sporting CP,Home,W,2,0,,
745,9717.0,6,2017-12-10,2017-2018,La Liga,Villarreal,Away,W,2,0,,
746,9726.0,6,2017-12-17,2017-2018,La Liga,Dep La Coruña,Home,W,4,0,,
747,9736.0,6,2017-12-23,2017-2018,La Liga,Real Madrid,Away,W,3,0,,
748,,6,2018-01-04,2017-2018,Copa del Rey,Celta Vigo,Away,D,1,1,,
749,9742.0,6,2018-01-07,2017-2018,La Liga,Levante,Home,W,3,0,,
750,,6,2018-01-11,2017-2018,Copa del Rey,Celta Vigo,Home,W,5,0,,
751,9754.0,6,2018-01-14,2017-2018,La Liga,Real Sociedad,Away,W,4,2,,
752,,6,2018-01-17,2017-2018,Copa del Rey,Espanyol,Away,L,0,1,,
753,9765.0,6,2018-01-21,2017-2018,La Liga,Real Betis,Away,W,5,0,,
754,,6,2018-01-25,2017-2018,Copa del Rey,Espanyol,Home,W,2,0,,
755,9774.0,6,2018-01-28,2017-2018,La Liga,Alavés,Home,W,2,1,,
756,,6,2018-02-01,2017-2018,Copa del Rey,Valencia,Home,W,1,0,,
757,9783.0,6,2018-02-04,2017-2018,La Liga,Espanyol,Away,D,1,1,,
758,,6,2018-02-08,2017-2018,Copa del Rey,Valencia,Away,W,2,0,,
759,9794.0,6,2018-02-11,2017-2018,La Liga,Getafe,Home,D,0,0,,
760,9799.0,6,2018-02-17,2017-2018,La Liga,Eibar,Away,W,2,0,,
761,,6,2018-02-20,2017-2018,Champions Lg,Chelsea,Away,D,1,1,,
762,9811.0,6,2018-02-24,2017-2018,La Liga,Girona,Home,W,6,1,,
763,9827.0,6,2018-03-01,2017-2018,La Liga,Las Palmas,Away,D,1,1,,
764,9837.0,6,2018-03-04,2017-2018,La Liga,Atlético Madrid,Home,W,1,0,,
765,,6,2018-03-10,2017-2018,La Liga,Málaga,Away,W,2,0,,
766,,6,2018-03-14,2017-2018,Champions Lg,Chelsea,Home,W,3,0,,
767,9855.0,6,2018-03-18,2017-2018,La Liga,Athletic Club,Home,W,2,0,,
768,9860.0,6,2018-03-31,2017-2018,La Liga,Sevilla,Away,D,2,2,,
769,,6,2018-04-04,2017-2018,Champions Lg,Roma,Home,W,4,1,,
770,9870.0,6,2018-04-07,2017-2018,La Liga,Leganés,Home,W,3,1,,
771,,6,2018-04-10,2017-2018,Champions Lg,Roma,Away,L,0,3,,
772,9880.0,6,2018-04-14,2017-2018,La Liga,Valencia,Home,W,2,1,,
773,9889.0,6,2018-04-17,2017-2018,La Liga,Celta Vigo,Away,D,2,2,,
774,,6,2018-04-21,2017-2018,Copa del Rey,Sevilla,Neutral,W,5,0,,
775,9912.0,6,2018-04-29,2017-2018,La Liga,Dep La Coruña,Away,W,4,2,,
776,9924.0,6,2018-05-06,2017-2018,La Liga,Real Madrid,Home,D,2,2,,
777,9928.0,6,2018-05-09,2017-2018,La Liga,Villarreal,Home,W,5,1,,
778,,6,2018-05-13,2017-2018,La Liga,Levante,Away,L,4,5,,
779,9948.0,6,2018-05-20,2017-2018,La Liga,Real Sociedad,Home,W,1,0,,
780,,6,2018-08-12,2018-2019,Supercopa de España,Sevilla,Neutral,W,2,1,,
781,15946.0,6,2018-08-18,2018-2019,La Liga,Alavés,Home,W,3,0,,
782,15956.0,6,2018-08-25,2018-2019,La Liga,Valladolid,Away,W,1,0,,
783,15973.0,6,2018-09-02,2018-2019,La Liga,Huesca,Home,W,8,2,,
784,15978.0,6,2018-09-15,2018-2019,La Liga,Real Sociedad,Away,W,2,1,,
785,,6,2018-09-18,2018-2019,Champions Lg,PSV,Home,W,4,0,,
786,15986.0,6,2018-09-23,2018-2019,La Liga,Girona,Home,D,2,2,,
787,15998.0,6,2018-09-26,2018-2019,La Liga,Leganés,Away,L,1,2,,
788,16010.0,6,2018-09-29,2018-2019,La Liga,Athletic Club,Home,D,1,1,,
789,,6,2018-10-03,2018-2019,Champions Lg,Tottenham Hotspur,Away,W,4,2,,
790,16023.0,6,2018-10-07,2018-2019,La Liga,Valencia,Away,D,1,1,,
791,16029.0,6,2018-10-20,2018-2019,La Liga,Sevilla,Home,W,4,2,,
792,,6,2018-10-24,2018-2019,Champions Lg,Inter,Home,W,2,0,,
793,,6,2018-10-28,2018-2019,La Liga,Real Madrid,Home,W,5,1,,
794,,6,2018-10-31,2018-2019,Copa del Rey,Cultural Leonesa,Away,W,1,0,,
795,,6,2018-11-03,2018-2019,La Liga,Rayo Vallecano,Away,W,3,2,,
796,,6,2018-11-06,2018-2019,Champions Lg,Inter,Away,D,1,1,,
797,16056.0,6,2018-11-11,2018-2019,La Liga,Real Betis,Home,L,3,4,,
798,16073.0,6,2018-11-24,2018-2019,La Liga,Atlético Madrid,Away,D,1,1,,
799,,6,2018-11-28,2018-2019,Champions Lg,PSV,Away,W,2,1,,
800,16079.0,6,2018-12-02,2018-2019,La Liga,Villarreal,Home,W,2,0,,
801,,6,2018-12-05,2018-2019,Copa del Rey,Cultural Leonesa,Home,W,4,1,,
802,16086.0,6,2018-12-08,2018-2019,La Liga,Espanyol,Away,W,4,0,,
803,,6,2018-12-11,2018-2019,Champions Lg,Tottenham Hotspur,Home,D,1,1,,
804,16095.0,6,2018-12-16,2018-2019,La Liga,Levante,Away,W,5,0,,
805,16109.0,6,2018-12-22,2018-2019,La Liga,Celta Vigo,Home,W,2,0,,
806,16120.0,6,2019-01-06,2018-2019,La Liga,Getafe,Away,W,2,1,,
807,,6,2019-01-10,2018-2019,Copa del Rey,Levante,Away,L,1,2,,
808,16131.0,6,2019-01-13,2018-2019,La Liga,Eibar,Home,W,3,0,,
809,,6,2019-01-17,2018-2019,Copa del Rey,Levante,Home,W,3,0,,
810,16136.0,6,2019-01-20,2018-2019,La Liga,Leganés,Home,W,3,1,,
811,,6,2019-01-23,2018-2019,Copa del Rey,Sevilla,Away,L,0,2,,
812,16149.0,6,2019-01-27,2018-2019,La Liga,Girona,Away,W,2,0,,
813,,6,2019-01-30,2018-2019,Copa del Rey,Sevilla,Home,W,6,1,,
814,16157.0,6,2019-02-02,2018-2019,La Liga,Valencia,Home,D,2,2,,
815,,6,2019-02-06,2018-2019,Copa del Rey,Real Madrid,Home,D,1,1,,
816,16173.0,6,2019-02-10,2018-2019,La Liga,Athletic Club,Away,D,0,0,,
817,16182.0,6,2019-02-16,2018-2019,La Liga,Valladolid,Home,W,1,0,,
818,,6,2019-02-19,2018-2019,Champions Lg,Lyon,Away,D,0,0,,
819,16190.0,6,2019-02-23,2018-2019,La Liga,Sevilla,Away,W,4,2,,
820,,6,2019-02-27,2018-2019,Copa del Rey,Real Madrid,Away,W,3,0,,
821,16196.0,6,2019-03-02,2018-2019,La Liga,Real Madrid,Away,W,1,0,,
822,16205.0,6,2019-03-09,2018-2019,La Liga,Rayo Vallecano,Home,W,3,1,,
823,,6,2019-03-13,2018-2019,Champions Lg,Lyon,Home,W,5,1,,
824,16215.0,6,2019-03-17,2018-2019,La Liga,Real Betis,Away,W,4,1,,
825,16231.0,6,2019-03-30,2018-2019,La Liga,Espanyol,Home,W,2,0,,
826,16240.0,6,2019-04-02,2018-2019,La Liga,Villarreal,Away,D,4,4,,
827,16248.0,6,2019-04-06,2018-2019,La Liga,Atlético Madrid,Home,W,2,0,,
828,,6,2019-04-10,2018-2019,Champions Lg,Manchester Utd,Away,W,1,0,,
829,,6,2019-04-13,2018-2019,La Liga,Huesca,Away,D,0,0,,
830,,6,2019-04-16,2018-2019,Champions Lg,Manchester Utd,Home,W,3,0,,
831,16265.0,6,2019-04-20,2018-2019,La Liga,Real Sociedad,Home,W,2,1,,
832,16275.0,6,2019-04-23,2018-2019,La Liga,Alavés,Away,W,2,0,,
833,16289.0,6,2019-04-27,2018-2019,La Liga,Levante,Home,W,1,0,,
834,,6,2019-05-01,2018-2019,Champions Lg,Liverpool,Home,W,3,0,,
835,,6,2019-05-04,2018-2019,La Liga,Celta Vigo,Away,L,0,2,,
836,,6,2019-05-07,2018-2019,Champions Lg,Liverpool,Away,L,0,4,,
837,16306.0,6,2019-05-12,2018-2019,La Liga,Getafe,Home,W,2,0,,
838,16317.0,6,2019-05-19,2018-2019,La Liga,Eibar,Away,D,2,2,,
839,,6,2019-05-25,2018-2019,Copa del Rey,Valencia,Neutral,L,1,2,,
840,,6,2019-08-16,2019-2020,La Liga,Athletic Club,Away,L,0,1,,
841,,6,2019-08-25,2019-2020,La Liga,Real Betis,Home,W,5,2,,
842,,6,2019-08-31,2019-2020,La Liga,Osasuna,Away,D,2,2,,
843,,6,2019-09-14,2019-2020,La Liga,Valencia,Home,W,5,2,,
844,,6,2019-09-17,2019-2020,Champions Lg,Dortmund,Away,D,0,0,,
845,303666.0,6,2019-09-21,2019-2020,La Liga,Granada,Away,L,0,2,,
846,303430.0,6,2019-09-24,2019-2020,La Liga,Villarreal,Home,W,2,1,,
847,,6,2019-09-28,2019-2020,La Liga,Getafe,Away,W,2,0,,
848,,6,2019-10-02,2019-2020,Champions Lg,Inter,Home,W,2,1,,
849,303473.0,6,2019-10-06,2019-2020,La Liga,Sevilla,Home,W,4,0,,
850,303700.0,6,2019-10-19,2019-2020,La Liga,Eibar,Away,W,3,0,,
851,,6,2019-10-23,2019-2020,Champions Lg,Slavia Prague,Away,W,2,1,,
852,303600.0,6,2019-10-29,2019-2020,La Liga,Valladolid,Home,W,5,1,,
853,303504.0,6,2019-11-02,2019-2020,La Liga,Levante,Away,L,1,3,,
854,,6,2019-11-05,2019-2020,Champions Lg,Slavia Prague,Home,D,0,0,,
855,303487.0,6,2019-11-09,2019-2020,La Liga,Celta Vigo,Home,W,4,1,,
856,303715.0,6,2019-11-23,2019-2020,La Liga,Leganés,Away,W,2,1,,
857,,6,2019-11-27,2019-2020,Champions Lg,Dortmund,Home,W,3,1,,
858,303524.0,6,2019-12-01,2019-2020,La Liga,Atlético Madrid,Away,W,1,0,,
859,303451.0,6,2019-12-07,2019-2020,La Liga,Mallorca,Home,W,5,2,,
860,,6,2019-12-10,2019-2020,Champions Lg,Inter,Away,W,2,1,,
861,303664.0,6,2019-12-14,2019-2020,La Liga,Real Sociedad,Away,D,2,2,,
862,303596.0,6,2019-12-18,2019-2020,La Liga,Real Madrid,Home,D,0,0,,
863,303517.0,6,2019-12-21,2019-2020,La Liga,Alavés,Home,W,4,1,,
864,303652.0,6,2020-01-04,2019-2020,La Liga,Espanyol,Away,D,2,2,,
865,,6,2020-01-09,2019-2020,Supercopa de España,Atlético Madrid,Home,L,2,3,,
866,303610.0,7,2020-01-19,2019-2020,La Liga,Granada,Home,W,1,0,,
867,,7,2020-01-22,2019-2020,Copa del Rey,Ibiza,Away,W,2,1,,
868,303400.0,7,2020-01-25,2019-2020,La Liga,Valencia,Away,L,0,2,,
869,,7,2020-01-30,2019-2020,Copa del Rey,Leganés,Home,W,5,0,,
870,303682.0,7,2020-02-02,2019-2020,La Liga,Levante,Home,W,2,1,,
871,,7,2020-02-06,2019-2020,Copa del Rey,Athletic Club,Away,L,0,1,,
872,303707.0,7,2020-02-09,2019-2020,La Liga,Real Betis,Away,W,3,2,,
873,303377.0,7,2020-02-15,2019-2020,La Liga,Getafe,Home,W,2,1,,
874,303731.0,7,2020-02-22,2019-2020,La Liga,Eibar,Home,W,5,0,,
875,,7,2020-02-25,2019-2020,Champions Lg,Napoli,Away,D,1,1,,
876,303470.0,7,2020-03-01,2019-2020,La Liga,Real Madrid,Away,L,0,2,,
877,303479.0,7,2020-03-07,2019-2020,La Liga,Real Sociedad,Home,W,1,0,,
878,303548.0,7,2020-06-13,2019-2020,La Liga,Mallorca,Away,W,4,0,,
879,303532.0,7,2020-06-16,2019-2020,La Liga,Leganés,Home,W,2,0,,
880,303674.0,7,2020-06-19,2019-2020,La Liga,Sevilla,Away,D,0,0,,
881,303493.0,7,2020-06-23,2019-2020,La Liga,Athletic Club,Home,W,1,0,,
882,303516.0,7,2020-06-27,2019-2020,La Liga,Celta Vigo,Away,D,2,2,,
883,303696.0,7,2020-06-30,2019-2020,La Liga,Atlético Madrid,Home,D,2,2,,
884,303725.0,7,2020-07-05,2019-2020,La Liga,Villarreal,Away,W,4,1,,
885,303615.0,7,2020-07-08,2019-2020,La Liga,Espanyol,Home,W,1,0,,
886,303680.0,7,2020-07-11,2019-2020,La Liga,Valladolid,Away,W,1,0,,
887,303634.0,7,2020-07-16,2019-2020,La Liga,Osasuna,Home,L,1,2,,
888,303421.0,7,2020-07-19,2019-2020,La Liga,Alavés,Away,W,5,0,,
889,,7,2020-08-08,2019-2020,Champions Lg,Napoli,Home,W,3,1,,
890,,7,2020-08-14,2019-2020,Champions Lg,Bayern Munich,Neutral,L,2,8,,
891,3773593.0,8,2020-09-27,2020-2021,La Liga,Villarreal,Home,W,4,0,,
892,3773466.0,8,2020-10-01,2020-2021,La Liga,Celta Vigo,Away,W,3,0,,
893,3773672.0,8,2020-10-04,2020-2021,La Liga,Sevilla,Home,D,1,1,,
894,3773587.0,8,2020-10-17,2020-2021,La Liga,Getafe,Away,L,0,1,,
895,,8,2020-10-20,2020-2021,Champions Lg,Ferencváros,Home,W,5,1,,
896,3773585.0,8,2020-10-24,2020-2021,La Liga,Real Madrid,Home,L,1,3,,
897,,8,2020-10-28,2020-2021,Champions Lg,Juventus,Away,W,2,0,,
898,3773386.0,8,2020-10-31,2020-2021,La Liga,Alavés,Away,D,1,1,,
899,,8,2020-11-04,2020-2021,Champions Lg,Dynamo Kyiv,Home,W,2,1,,
900,3773477.0,8,2020-11-07,2020-2021,La Liga,Real Betis,Home,W,5,2,,
901,3773656.0,8,2020-11-21,2020-2021,La Liga,Atlético Madrid,Away,L,0,1,,
902,,8,2020-11-24,2020-2021,Champions Lg,Dynamo Kyiv,Away,W,4,0,,
903,3773547.0,8,2020-11-29,2020-2021,La Liga,Osasuna,Home,W,4,0,,
904,,8,2020-12-02,2020-2021,Champions Lg,Ferencváros,Away,W,3,0,,
905,3773428.0,8,2020-12-05,2020-2021,La Liga,Cádiz,Away,L,1,2,,
906,,8,2020-12-08,2020-2021,Champions Lg,Juventus,Home,L,0,3,,
907,3773660.0,8,2020-12-13,2020-2021,La Liga,Levante,Home,W,1,0,,
908,3773523.0,8,2020-12-16,2020-2021,La Liga,Real Sociedad,Home,W,2,1,,
909,3773377.0,8,2020-12-19,2020-2021,La Liga,Valencia,Home,D,2,2,,
910,3773571.0,8,2020-12-22,2020-2021,La Liga,Valladolid,Away,W,3,0,,
911,,8,2020-12-29,2020-2021,La Liga,Eibar,Home,D,1,1,,
912,3773552.0,8,2021-01-03,2020-2021,La Liga,Huesca,Away,W,1,0,,
913,3764661.0,8,2021-01-06,2020-2021,La Liga,Athletic Club,Away,W,3,2,,
914,3773565.0,8,2021-01-09,2020-2021,La Liga,Granada,Away,W,4,0,,
915,,8,2021-01-13,2020-2021,Supercopa de España,Real Sociedad,Away,D,1,1,3.0,2.0
916,,8,2021-01-17,2020-2021,Supercopa de España,Athletic Club,Home,L,2,3,,
917,,8,2021-01-21,2020-2021,Copa del Rey,UE Cornellà,Away,W,2,0,,
918,,8,2021-01-24,2020-2021,La Liga,Elche,Away,W,2,0,,
919,,8,2021-01-27,2020-2021,Copa del Rey,Rayo Vallecano,Away,W,2,1,,
920,3773403.0,8,2021-01-31,2020-2021,La Liga,Athletic Club,Home,W,2,1,,
921,,8,2021-02-03,2020-2021,Copa del Rey,Granada,Away,W,5,3,,
922,3773631.0,8,2021-02-07,2020-2021,La Liga,Real Betis,Away,W,3,2,,
923,,8,2021-02-10,2020-2021,Copa del Rey,Sevilla,Away,L,0,2,,
924,3773526.0,8,2021-02-13,2020-2021,La Liga,Alavés,Home,W,5,1,,
925,,8,2021-02-16,2020-2021,Champions Lg,Paris Saint-Germain,Home,L,1,4,,
926,3773415.0,8,2021-02-21,2020-2021,La Liga,Cádiz,Home,D,1,1,,
927,3764440.0,8,2021-02-24,2020-2021,La Liga,Elche,Home,W,3,0,,
928,3773625.0,8,2021-02-27,2020-2021,La Liga,Sevilla,Away,W,2,0,,
929,,8,2021-03-03,2020-2021,Copa del Rey,Sevilla,Home,W,3,0,,
930,3773665.0,8,2021-03-06,2020-2021,La Liga,Osasuna,Away,W,2,0,,
931,,8,2021-03-10,2020-2021,Champions Lg,Paris Saint-Germain,Away,D,1,1,,
932,3773369.0,8,2021-03-15,2020-2021,La Liga,Huesca,Home,W,4,1,,
933,3773597.0,8,2021-03-21,2020-2021,La Liga,Real Sociedad,Away,W,6,1,,
934,3773474.0,8,2021-04-05,2020-2021,La Liga,Valladolid,Home,W,1,0,,
935,3773497.0,8,2021-04-10,2020-2021,La Liga,Real Madrid,Away,L,1,2,,
936,,8,2021-04-17,2020-2021,Copa del Rey,Athletic Club,Neutral,W,4,0,,
937,3773661.0,8,2021-04-22,2020-2021,La Liga,Getafe,Home,W,5,2,,
938,3773689.0,8,2021-04-25,2020-2021,La Liga,Villarreal,Away,W,2,1,,
939,3773586.0,8,2021-04-29,2020-2021,La Liga,Granada,Home,L,1,2,,
940,3773695.0,8,2021-05-02,2020-2021,La Liga,Valencia,Away,W,3,2,,
941,3773372.0,8,2021-05-08,2020-2021,La Liga,Atlético Madrid,Home,D,0,0,,
942,3773387.0,8,2021-05-11,2020-2021,La Liga,Levante,Away,D,3,3,,
943,3773457.0,8,2021-05-16,2020-2021,La Liga,Celta Vigo,Home,L,1,2,,
944,,8,2021-05-22,2020-2021,La Liga,Eibar,Away,W,1,0,,
945,,8,2021-08-15,2021-2022,La Liga,Real Sociedad,Home,W,4,2,,
946,,8,2021-08-21,2021-2022,La Liga,Athletic Club,Away,D,1,1,,
947,,8,2021-08-29,2021-2022,La Liga,Getafe,Home,W,2,1,,
948,,8,2021-09-14,2021-2022,Champions Lg,Bayern Munich,Home,L,0,3,,
949,,8,2021-09-20,2021-2022,La Liga,Granada,Home,D,1,1,,
950,,8,2021-09-23,2021-2022,La Liga,Cádiz,Away,D,0,0,,
951,,8,2021-09-26,2021-2022,La Liga,Levante,Home,W,3,0,,
952,,8,2021-09-29,2021-2022,Champions Lg,Benfica,Away,L,0,3,,
953,,8,2021-10-02,2021-2022,La Liga,Atlético Madrid,Away,L,0,2,,
954,,8,2021-10-17,2021-2022,La Liga,Valencia,Home,W,3,1,,
955,,8,2021-10-20,2021-2022,Champions Lg,Dynamo Kyiv,Home,W,1,0,,
956,,8,2021-10-24,2021-2022,La Liga,Real Madrid,Home,L,1,2,,
957,,8,2021-10-27,2021-2022,La Liga,Rayo Vallecano,Away,L,0,1,,
958,,9,2021-10-30,2021-2022,La Liga,Alavés,Home,D,1,1,,
959,,9,2021-11-02,2021-2022,Champions Lg,Dynamo Kyiv,Away,W,1,0,,
960,,10,2021-11-06,2021-2022,La Liga,Celta Vigo,Away,D,3,3,,
961,,10,2021-11-20,2021-2022,La Liga,Espanyol,Home,W,1,0,,
962,,10,2021-11-23,2021-2022,Champions Lg,Benfica,Home,D,0,0,,
963,,10,2021-11-27,2021-2022,La Liga,Villarreal,Away,W,3,1,,
964,,10,2021-12-04,2021-2022,La Liga,Real Betis,Home,L,0,1,,
965,,10,2021-12-08,2021-2022,Champions Lg,Bayern Munich,Away,L,0,3,,
966,,10,2021-12-12,2021-2022,La Liga,Osasuna,Away,D,2,2,,
967,,10,2021-12-18,2021-2022,La Liga,Elche,Home,W,3,2,,
968,,10,2021-12-21,2021-2022,La Liga,Sevilla,Away,D,1,1,,
969,,10,2022-01-02,2021-2022,La Liga,Mallorca,Away,W,1,0,,
970,,10,2022-01-05,2021-2022,Copa del Rey,Linares Dep,Away,W,2,1,,
971,,10,2022-01-08,2021-2022,La Liga,Granada,Away,D,1,1,,
972,,10,2022-01-12,2021-2022,Supercopa de España,Real Madrid,Home,L,2,3,,
973,,10,2022-01-20,2021-2022,Copa del Rey,Athletic Club,Away,L,2,3,,
974,,10,2022-01-23,2021-2022,La Liga,Alavés,Away,W,1,0,,
975,,10,2022-02-06,2021-2022,La Liga,Atlético Madrid,Home,W,4,2,,
976,,10,2022-02-13,2021-2022,La Liga,Espanyol,Away,D,2,2,,
977,,10,2022-02-17,2021-2022,Europa Lg,Napoli,Home,D,1,1,,
978,,10,2022-02-20,2021-2022,La Liga,Valencia,Away,W,4,1,,
979,,10,2022-02-24,2021-2022,Europa Lg,Napoli,Away,W,4,2,,
980,,10,2022-02-27,2021-2022,La Liga,Athletic Club,Home,W,4,0,,
981,,10,2022-03-06,2021-2022,La Liga,Elche,Away,W,2,1,,
982,,10,2022-03-10,2021-2022,Europa Lg,Galatasaray,Home,D,0,0,,
983,,10,2022-03-13,2021-2022,La Liga,Osasuna,Home,W,4,0,,
984,,10,2022-03-17,2021-2022,Europa Lg,Galatasaray,Away,W,2,1,,
985,,10,2022-03-20,2021-2022,La Liga,Real Madrid,Away,W,4,0,,
986,,10,2022-04-03,2021-2022,La Liga,Sevilla,Home,W,1,0,,
987,,10,2022-04-07,2021-2022,Europa Lg,Eintracht Frankfurt,Away,D,1,1,,
988,,10,2022-04-10,2021-2022,La Liga,Levante,Away,W,3,2,,
989,,10,2022-04-14,2021-2022,Europa Lg,Eintracht Frankfurt,Home,L,2,3,,
990,,10,2022-04-18,2021-2022,La Liga,Cádiz,Home,L,0,1,,
991,,10,2022-04-21,2021-2022,La Liga,Real Sociedad,Away,W,1,0,,
992,,10,2022-04-24,2021-2022,La Liga,Rayo Vallecano,Home,L,0,1,,
993,,10,2022-05-01,2021-2022,La Liga,Mallorca,Home,W,2,1,,
994,,10,2022-05-07,2021-2022,La Liga,Real Betis,Away,W,2,1,,
995,,10,2022-05-10,2021-2022,La Liga,Celta Vigo,Home,W,3,1,,
996,,10,2022-05-15,2021-2022,La Liga,Getafe,Away,D,0,0,,
997,,10,2022-05-22,2021-2022,La Liga,Villarreal,Home,L,0,2,,
998,,10,2022-08-13,2022-2023,La Liga,Rayo Vallecano,Home,D,0,0,,
999,,10,2022-08-21,2022-2023,La Liga,Real Sociedad,Away,W,4,1,,
1000,,10,2022-08-28,2022-2023,La Liga,Valladolid,Home,W,4,0,,
1001,,10,2022-09-03,2022-2023,La Liga,Sevilla,Away,W,3,0,,
1002,,10,2022-09-07,2022-2023,Champions Lg,Viktoria Plzeň,Home,W,5,1,,
1003,,10,2022-09-10,2022-2023,La Liga,Cádiz,Away,W,4,0,,
1004,,10,2022-09-13,2022-2023,Champions Lg,Bayern Munich,Away,L,0,2,,
1005,,10,2022-09-17,2022-2023,La Liga,Elche,Home,W,3,0,,
1006,,10,2022-10-01,2022-2023,La Liga,Mallorca,Away,W,1,0,,
1007,,10,2022-10-04,2022-2023,Champions Lg,Inter,Away,L,0,1,,
1008,,10,2022-10-09,2022-2023,La Liga,Celta Vigo,Home,W,1,0,,
1009,,10,2022-10-12,2022-2023,Champions Lg,Inter,Home,D,3,3,,
1010,,10,2022-10-16,2022-2023,La Liga,Real Madrid,Away,L,1,3,,
1011,,10,2022-10-20,2022-2023,La Liga,Villarreal,Home,W,3,0,,
1012,,10,2022-10-23,2022-2023,La Liga,Athletic Club,Home,W,4,0,,
1013,,10,2022-10-26,2022-2023,Champions Lg,Bayern Munich,Home,L,0,3,,
1014,,10,2022-10-29,2022-2023,La Liga,Valencia,Away,W,1,0,,
1015,,10,2022-11-01,2022-2023,Champions Lg,Viktoria Plzeň,Away,W,4,2,,
1016,,10,2022-11-05,2022-2023,La Liga,Almería,Home,W,2,0,,
1017,,10,2022-11-08,2022-2023,La Liga,Osasuna,Away,W,2,1,,
1018,,10,2022-12-31,2022-2023,La Liga,Espanyol,Home,D,1,1,,
1019,,10,2023-01-04,2022-2023,Copa del Rey,CF Intercity,Away,W,4,3,,
1020,,10,2023-01-08,2022-2023,La Liga,Atlético Madrid,Away,W,1,0,,
1021,,10,2023-01-12,2022-2023,Supercopa de España,Real Betis,Away,D,2,2,4.0,2.0
1022,,10,2023-01-15,2022-2023,Supercopa de España,Real Madrid,Away,W,3,1,,
1023,,10,2023-01-19,2022-2023,Copa del Rey,Ceuta,Away,W,5,0,,
1024,,10,2023-01-22,2022-2023,La Liga,Getafe,Home,W,1,0,,
1025,,10,2023-01-25,2022-2023,Copa del Rey,Real Sociedad,Home,W,1,0,,
1026,,10,2023-01-28,2022-2023,La Liga,Girona,Away,W,1,0,,
1027,,10,2023-02-01,2022-2023,La Liga,Real Betis,Away,W,2,1,,
1028,,10,2023-02-05,2022-2023,La Liga,Sevilla,Home,W,3,0,,
1029,,10,2023-02-12,2022-2023,La Liga,Villarreal,Away,W,1,0,,
1030,,10,2023-02-16,2022-2023,Europa Lg,Manchester Utd,Home,D,2,2,,
1031,,10,2023-02-19,2022-2023,La Liga,Cádiz,Home,W,2,0,,
1032,,10,2023-02-23,2022-2023,Europa Lg,Manchester Utd,Away,L,1,2,,
1033,,10,2023-02-26,2022-2023,La Liga,Almería,Away,L,0,1,,
1034,,10,2023-03-02,2022-2023,Copa del Rey,Real Madrid,Away,W,1,0,,
1035,,10,2023-03-05,2022-2023,La Liga,Valencia,Home,W,1,0,,
1036,,10,2023-03-12,2022-2023,La Liga,Athletic Club,Away,W,1,0,,
1037,,10,2023-03-19,2022-2023,La Liga,Real Madrid,Home,W,2,1,,
1038,,10,2023-04-01,2022-2023,La Liga,Elche,Away,W,4,0,,
1039,,10,2023-04-05,2022-2023,Copa del Rey,Real Madrid,Home,L,0,4,,
1040,,10,2023-04-10,2022-2023,La Liga,Girona,Home,D,0,0,,
1041,,10,2023-04-16,2022-2023,La Liga,Getafe,Away,D,0,0,,
1042,,10,2023-04-23,2022-2023,La Liga,Atlético Madrid,Home,W,1,0,,
1043,,10,2023-04-26,2022-2023,La Liga,Rayo Vallecano,Away,L,1,2,,
1044,,10,2023-04-29,2022-2023,La Liga,Real Betis,Home,W,4,0,,
1045,,10,2023-05-02,2022-2023,La Liga,Osasuna,Home,W,1,0,,
1046,,10,2023-05-14,2022-2023,La Liga,Espanyol,Away,W,4,2,,
1047,,10,2023-05-20,2022-2023,La Liga,Real Sociedad,Home,L,1,2,,
1048,,10,2023-05-23,2022-2023,La Liga,Valladolid,Away,L,1,3,,
1049,,10,2023-05-28,2022-2023,La Liga,Mallorca,Home,W,3,0,,
1050,,10,2023-06-04,2022-2023,La Liga,Celta Vigo,Away,L,1,2,,
1051,,10,2023-08-13,2023-2024,La Liga,Getafe,Away,D,0,0,,
1052,,10,2023-08-20,2023-2024,La Liga,Cádiz,Home,W,2,0,,
1053,,10,2023-08-27,2023-2024,La Liga,Villarreal,Away,W,4,3,,
1054,,10,2023-09-03,2023-2024,La Liga,Osasuna,Away,W,2,1,,
1055,,10,2023-09-16,2023-2024,La Liga,Real Betis,Home,W,5,0,,
1056,,10,2023-09-19,2023-2024,Champions Lg,Antwerp,Home,W,5,0,,
1057,,10,2023-09-23,2023-2024,La Liga,Celta Vigo,Home,W,3,2,,
1058,,10,2023-09-26,2023-2024,La Liga,Mallorca,Away,D,2,2,,
1059,,10,2023-09-29,2023-2024,La Liga,Sevilla,Home,W,1,0,,
1060,,10,2023-10-04,2023-2024,Champions Lg,Porto,Away,W,1,0,,
1061,,10,2023-10-08,2023-2024,La Liga,Granada,Away,D,2,2,,
1062,,10,2023-10-22,2023-2024,La Liga,Athletic Club,Home,W,1,0,,
1063,,10,2023-10-25,2023-2024,Champions Lg,Shakhtar Donetsk,Home,W,2,1,,
1064,,10,2023-10-28,2023-2024,La Liga,Real Madrid,Home,L,1,2,,
1065,,10,2023-11-04,2023-2024,La Liga,Real Sociedad,Away,W,1,0,,
1066,,10,2023-11-07,2023-2024,Champions Lg,Shakhtar Donetsk,Away,L,0,1,,
1067,,10,2023-11-12,2023-2024,La Liga,Alavés,Home,W,2,1,,
1068,,10,2023-11-25,2023-2024,La Liga,Rayo Vallecano,Away,D,1,1,,
1069,,10,2023-11-28,2023-2024,Champions Lg,Porto,Home,W,2,1,,
1070,,10,2023-12-03,2023-2024,La Liga,Atlético Madrid,Home,W,1,0,,
1071,,10,2023-12-10,2023-2024,La Liga,Girona,Home,L,2,4,,
1072,,10,2023-12-13,2023-2024,Champions Lg,Antwerp,Away,L,2,3,,
1073,,10,2023-12-16,2023-2024,La Liga,Valencia,Away,D,1,1,,
1074,,10,2023-12-20,2023-2024,La Liga,Almería,Home,W,3,2,,
1075,,10,2024-01-04,2023-2024,La Liga,Las Palmas,Away,W,2,1,,
1076,,10,2024-01-07,2023-2024,Copa del Rey,Barbastro,Away,W,3,2,,
1077,,10,2024-01-11,2023-2024,Supercopa de España,Osasuna,Home,W,2,0,,
1078,,10,2024-01-14,2023-2024,Supercopa de España,Real Madrid,Away,L,1,4,,
1079,,10,2024-01-18,2023-2024,Copa del Rey,U Salamanca,Away,W,3,1,,
1080,,10,2024-01-21,2023-2024,La Liga,Real Betis,Away,W,4,2,,
1081,,10,2024-01-24,2023-2024,Copa del Rey,Athletic Club,Away,L,2,4,,
1082,,10,2024-01-27,2023-2024,La Liga,Villarreal,Home,L,3,5,,
1083,,10,2024-01-31,2023-2024,La Liga,Osasuna,Home,W,1,0,,
1084,,10,2024-02-03,2023-2024,La Liga,Alavés,Away,W,3,1,,
1085,,10,2024-02-11,2023-2024,La Liga,Granada,Home,D,3,3,,
1086,,10,2024-02-17,2023-2024,La Liga,Celta Vigo,Away,W,2,1,,
1087,,10,2024-02-21,2023-2024,Champions Lg,Napoli,Away,D,1,1,,
1088,,10,2024-02-24,2023-2024,La Liga,Getafe,Home,W,4,0,,
1089,,10,2024-03-03,2023-2024,La Liga,Athletic Club,Away,D,0,0,,
1090,,10,2024-03-08,2023-2024,La Liga,Mallorca,Home,W,1,0,,
1091,,10,2024-03-12,2023-2024,Champions Lg,Napoli,Home,W,3,1,,
1092,,10,2024-03-17,2023-2024,La Liga,Atlético Madrid,Away,W,3,0,,
1093,,10,2024-03-30,2023-2024,La Liga,Las Palmas,Home,W,1,0,,
1094,,10,2024-04-10,2023-2024,Champions Lg,Paris Saint-Germain,Away,W,3,2,,
1095,,10,2024-04-13,2023-2024,La Liga,Cádiz,Away,W,1,0,,
1096,,10,2024-04-16,2023-2024,Champions Lg,Paris Saint-Germain,Home,L,1,4,,
1097,,10,2024-04-21,2023-2024,La Liga,Real Madrid,Away,L,2,3,,
1098,,10,2024-04-29,2023-2024,La Liga,Valencia,Home,W,4,2,,
1099,,10,2024-05-04,2023-2024,La Liga,Girona,Away,L,2,4,,
1100,,10,2024-05-13,2023-2024,La Liga,Real Sociedad,Home,W,2,0,,
1101,,10,2024-05-16,2023-2024,La Liga,Almería,Away,W,2,0,,
1102,,10,2024-05-19,2023-2024,La Liga,Rayo Vallecano,Home,W,3,0,,
1103,,10,2024-05-26,2023-2024,La Liga,Sevilla,Away,W,2,1,,
1104,,11,2024-08-17,2024-2025,La Liga,Valencia,Away,W,2,1,,
1105,,11,2024-08-24,2024-2025,La Liga,Athletic Club,Home,W,2,1,,
1106,,11,2024-08-27,2024-2025,La Liga,Rayo Vallecano,Away,W,2,1,,
1107,,11,2024-08-31,2024-2025,La Liga,Valladolid,Home,W,7,0,,
1108,,11,2024-09-15,2024-2025,La Liga,Girona,Away,W,4,1,,
1109,,11,2024-09-19,2024-2025,Champions Lg,Monaco,Away,L,1,2,,
1110,,11,2024-09-22,2024-2025,La Liga,Villarreal,Away,W,5,1,,
1111,,11,2024-09-25,2024-2025,La Liga,Getafe,Home,W,1,0,,
1112,,11,2024-09-28,2024-2025,La Liga,Osasuna,Away,L,2,4,,
1113,,11,2024-10-01,2024-2025,Champions Lg,Young Boys,Home,W,5,0,,
1114,,11,2024-10-06,2024-2025,La Liga,Alavés,Away,W,3,0,,
1115,,11,2024-10-20,2024-2025,La Liga,Sevilla,Home,W,5,1,,
1116,,11,2024-10-23,2024-2025,Champions Lg,Bayern Munich,Home,W,4,1,,
1117,,11,2024-10-26,2024-2025,La Liga,Real Madrid,Away,W,4,0,,
1118,,11,2024-11-03,2024-2025,La Liga,Espanyol,Home,W,3,1,,
1119,,11,2024-11-06,2024-2025,Champions Lg,Red Star,Away,W,5,2,,
1120,,11,2024-11-10,2024-2025,La Liga,Real Sociedad,Away,L,0,1,,
1121,,11,2024-11-23,2024-2025,La Liga,Celta Vigo,Away,D,2,2,,
1122,,11,2024-11-26,2024-2025,Champions Lg,Brest,Home,W,3,0,,
1123,,11,2024-11-30,2024-2025,La Liga,Las Palmas,Home,L,1,2,,
1124,,11,2024-12-03,2024-2025,La Liga,Mallorca,Away,W,5,1,,
1125,,11,2024-12-07,2024-2025,La Liga,Real Betis,Away,D,2,2,,
1126,,11,2024-12-11,2024-2025,Champions Lg,Dortmund,Away,W,3,2,,
1127,,11,2024-12-15,2024-2025,La Liga,Leganés,Home,L,0,1,,
1128,,11,2024-12-21,2024-2025,La Liga,Atlético Madrid,Home,L,1,2,,
1129,,11,2025-01-04,2024-2025,Copa del Rey,Barbastro,Away,W,4,0,,
1130,,11,2025-01-08,2024-2025,Supercopa de España,Athletic Club,Neutral,W,2,0,,
1131,,11,2025-01-12,2024-2025,Supercopa de España,Real Madrid,Neutral,W,5,2,,
1132,,11,2025-01-15,2024-2025,Copa del Rey,Real Betis,Home,W,5,1,,
1133,,11,2025-01-18,2024-2025,La Liga,Getafe,Away,D,1,1,,
1134,,11,2025-01-21,2024-2025,Champions Lg,Benfica,Away,W,5,4,,
1135,,11,2025-01-26,2024-2025,La Liga,Valencia,Home,W,7,1,,
1136,,11,2025-01-29,2024-2025,Champions Lg,Atalanta,Home,D,2,2,,
1137,,11,2025-02-02,2024-2025,La Liga,Alavés,Home,W,1,0,,
1138,,11,2025-02-06,2024-2025,Copa del Rey,Valencia,Away,W,5,0,,
1139,,11,2025-02-09,2024-2025,La Liga,Sevilla,Away,W,4,1,,
1140,,11,2025-02-17,2024-2025,La Liga,Rayo Vallecano,Home,W,1,0,,
1141,,11,2025-02-22,2024-2025,La Liga,Las Palmas,Away,W,2,0,,
1142,,11,2025-02-25,2024-2025,Copa del Rey,Atlético Madrid,Home,D,4,4,,
1143,,11,2025-03-02,2024-2025,La Liga,Real Sociedad,Home,W,4,0,,
1144,,11,2025-03-05,2024-2025,Champions Lg,Benfica,Away,W,1,0,,
1145,,11,2025-03-11,2024-2025,Champions Lg,Benfica,Home,W,3,1,,
1146,,11,2025-03-16,2024-2025,La Liga,Atlético Madrid,Away,W,4,2,,
1147,,11,2025-03-27,2024-2025,La Liga,Osasuna,Home,W,3,0,,
1148,,11,2025-03-30,2024-2025,La Liga,Girona,Home,W,4,1,,
1149,,11,2025-04-02,2024-2025,Copa del Rey,Atlético Madrid,Away,W,1,0,,
1150,,11,2025-04-05,2024-2025,La Liga,Real Betis,Home,D,1,1,,
1151,,11,2025-04-09,2024-2025,Champions Lg,Dortmund,Home,W,4,0,,
1152,,11,2025-04-12,2024-2025,La Liga,Leganés,Away,W,1,0,,
1153,,11,2025-04-15,2024-2025,Champions Lg,Dortmund,Away,L,1,3,,
1154,,11,2025-04-19,2024-2025,La Liga,Celta Vigo,Home,W,4,3,,
1155,,11,2025-04-22,2024-2025,La Liga,Mallorca,Home,W,1,0,,
1156,,11,2025-04-26,2024-2025,Copa del Rey,Real Madrid,Home,W,3,2,,
1157,,11,2025-04-30,2024-2025,Champions Lg,Inter,Home,D,3,3,,
1158,,11,2025-05-03,2024-2025,La Liga,Valladolid,Away,W,2,1,,
1159,,11,2025-05-06,2024-2025,Champions Lg,Inter,Away,L,3,4,,
1160,,11,2025-05-11,2024-2025,La Liga,Real Madrid,Home,W,4,3,,
1161,,11,2025-05-15,2024-2025,La Liga,Espanyol,Away,W,2,0,,
1162,,11,2025-05-18,2024-2025,La Liga,Villarreal,Home,L,2,3,,
1163,,11,2025-05-25,2024-2025,La Liga,Athletic Club,Away,W,3,0,,
