ID_Partido,Fecha,Rival,Entrenador,Formacion,Posesion_Bruta
1000,2022-08-28,Valladolid,Xavi,4-3-3,
1001,2022-09-03,Sevilla,Xavi,4-3-3,
1002,2022-09-07,Viktoria_Plzeň,Xavi,4-3-3,
1003,2022-09-10,Cádiz,Xavi,4-3-3,
1004,2022-09-13,Bayern_Munich,Xavi,4-3-3,
1005,2022-09-17,Elche,Xavi,4-3-3,
1006,2022-10-01,Mallorca,Xavi,4-3-3,
1007,2022-10-04,Inter,Xavi,4-3-3,
1008,2022-10-09,Celta_Vigo,Xavi,4-3-3,
1009,2022-10-12,Inter,Xavi,4-3-3,
1010,2022-10-16,Real_Madrid,Xavi,4-3-3,
1011,2022-10-20,Villarreal,Xavi,4-3-3,
1012,2022-10-23,Athletic_Club,Ernesto Valverde,4-3-3,
1013,2022-10-26,Bayern_Munich,Xavi,4-3-3,
1014,2022-10-29,Valencia,Xavi,4-3-3,
1015,2022-11-01,Viktoria_Plzeň,Xavi,4-3-3,
1016,2022-11-05,Almería,Xavi,4-3-3,
1018,2022-12-31,Espanyol,Xavi,4-3-3,
1019,2023-01-04,CF_Intercity,Xavi,4-3-3,
101,2005-10-15,Dep_La_Coruña,Frank Rijkaard,Desconocida,
1020,2023-01-08,Atlético_Madrid,Xavi,4-3-3,
1021,2023-01-12,Real_Betis,Xavi,4-3-3,
1022,2023-01-15,Real_Madrid,Xavi,4-2-3-1,
1023,2023-01-19,Ceuta,Xavi,4-3-3,
1024,2023-01-22,Getafe,Xavi,4-3-3,
1025,2023-01-25,Real_Sociedad,Xavi,4-3-3,
1026,2023-01-28,Girona,Xavi,4-3-3,
1027,2023-02-01,Real_Betis,Xavi,4-3-3,
1028,2023-02-05,Sevilla,Xavi,4-3-3,
1029,2023-02-12,Villarreal,Xavi,4-3-3,
102,2005-10-18,Panathinaikos,Frank Rijkaard,Desconocida,
1030,2023-02-16,Manchester_Utd,Xavi,4-3-3,
1031,2023-02-19,Cádiz,Sergio,4-3-3,
1032,2023-02-23,Manchester_Utd,Xavi,4-3-3,
1033,2023-02-26,Almería,Xavi,4-3-3,
1034,2023-03-02,Real_Madrid,Xavi,4-3-3,
1035,2023-03-05,Valencia,Xavi,4-3-3,
1036,2023-03-12,Athletic_Club,Xavi,4-3-3,
1037,2023-03-19,Real_Madrid,Xavi,4-3-3,
1038,2023-04-01,Elche,Xavi,4-3-3,
1039,2023-04-05,Real_Madrid,Xavi,4-3-3,
1040,2023-04-10,Girona,Xavi,4-3-3,
1041,2023-04-16,Getafe,Xavi,4-3-3,
1042,2023-04-23,Atlético_Madrid,Xavi,4-3-3,
1043,2023-04-26,Rayo_Vallecano,Xavi,4-3-3,
1044,2023-04-29,Real_Betis,Xavi,4-3-3,
1045,2023-05-02,Osasuna,Xavi,4-2-3-1,
1046,2023-05-14,Espanyol,Xavi,4-3-3,
1047,2023-05-20,Real_Sociedad,Xavi,4-3-3,
1048,2023-05-23,Valladolid,Xavi,4-3-3,
1049,2023-05-28,Mallorca,Xavi,4-3-3,
1050,2023-06-04,Celta_Vigo,Xavi,4-3-3,
1051,2023-08-13,Getafe,Xavi,4-2-3-1,
1052,2023-08-20,Cádiz,Sergio,3-4-3,
1053,2023-08-27,Villarreal,Xavi,4-3-3,
1054,2023-09-03,Osasuna,Xavi,4-3-3,
1055,2023-09-16,Real_Betis,Xavi,4-3-3,
1056,2023-09-19,Antwerp,Xavi,4-3-3,
1057,2023-09-23,Celta_Vigo,Xavi,4-3-3,
1058,2023-09-26,Mallorca,Xavi,4-3-3,
1059,2023-09-29,Sevilla,Xavi,4-3-3,
105,2005-10-30,Real_Sociedad,Frank Rijkaard,Desconocida,
1060,2023-10-04,Porto,Xavi,4-3-3,
1061,2023-10-08,Granada,Xavi,4-3-3,
1062,2023-10-22,Athletic_Club,Ernesto Valverde,4-3-3,
1063,2023-10-25,Shakhtar_Donetsk,Xavi,4-3-3,
1064,2023-10-28,Real_Madrid,Xavi,3-4-1-2,
1065,2023-11-04,Real_Sociedad,Xavi,3-4-1-2,
1066,2023-11-07,Shakhtar_Donetsk,Xavi,4-3-3,
1067,2023-11-12,Alavés,Xavi,4-2-3-1,
1068,2023-11-25,Rayo_Vallecano,Xavi,4-2-3-1,
1069,2023-11-28,Porto,Xavi,4-3-3,
106,2005-11-02,Panathinaikos,Frank Rijkaard,Desconocida,
1070,2023-12-03,Atlético_Madrid,Xavi,4-3-3,
1071,2023-12-10,Girona,Xavi,4-3-3,
1072,2023-12-13,Antwerp,Xavi,4-3-3,
1073,2023-12-16,Valencia,Xavi,4-3-3,
1074,2023-12-20,Almería,Xavi,4-3-3,
1076,2024-01-07,Barbastro,Xavi,4-3-3,
1077,2024-01-11,Osasuna,Xavi,4-3-3,
1078,2024-01-14,Real_Madrid,Xavi,4-2-3-1,
1079,2024-01-18,U_Salamanca,Xavi,4-3-3,
1080,2024-01-21,Real_Betis,Xavi,4-3-3,
1081,2024-01-24,Athletic_Club,Xavi,4-3-3,
1082,2024-01-27,Villarreal,Xavi,4-3-3,
1083,2024-01-31,Osasuna,Xavi,4-3-3,
1084,2024-02-03,Alavés,Xavi,4-3-3,
1085,2024-02-11,Granada,Xavi,4-3-3,
1086,2024-02-17,Celta_Vigo,Xavi,4-3-3,
1087,2024-02-21,Napoli,Xavi,4-3-3,
1088,2024-02-24,Getafe,Xavi,4-3-3,
1089,2024-03-03,Athletic_Club,Xavi,4-3-3,
1090,2024-03-08,Mallorca,Xavi,4-3-3,
1091,2024-03-12,Napoli,Xavi,4-3-3,
1092,2024-03-17,Atlético_Madrid,Xavi,4-3-3,
1093,2024-03-30,Las_Palmas,Xavi,4-3-3,
1094,2024-04-10,Paris_Saint-Germain,Xavi,4-3-3,
1095,2024-04-13,Cádiz,Xavi,4-3-3,
1096,2024-04-16,Paris_Saint-Germain,Luis Enrique,4-2-3-1,
1097,2024-04-21,Real_Madrid,Xavi,4-3-3,
1098,2024-04-29,Valencia,Xavi,4-3-3,
1099,2024-05-04,Girona,Xavi,4-3-3,
109,2005-11-22,Werder_Bremen,Frank Rijkaard,Desconocida,
10,2003-10-26,Mallorca,Frank Rijkaard,Desconocida,
1100,2024-05-13,Real_Sociedad,Xavi,4-3-3,
1101,2024-05-16,Almería,Xavi,4-3-3,
1102,2024-05-19,Rayo_Vallecano,Xavi,4-2-3-1,
1103,2024-05-26,Sevilla,Xavi,4-3-3,
1104,2024-08-17,Valencia,Hansi Flick,4-2-3-1,
1105,2024-08-24,Athletic_Club,Ernesto Valverde,4-2-3-1,
1106,2024-08-27,Rayo_Vallecano,Hansi Flick,4-2-3-1,
1107,2024-08-31,Valladolid,Hansi Flick,4-3-3,
1108,2024-09-15,Girona,Hansi Flick,4-2-3-1,
1109,2024-09-19,Monaco,Hansi Flick,4-2-3-1,
1110,2024-09-22,Villarreal,Hansi Flick,4-3-3,
1111,2024-09-25,Getafe,Hansi Flick,4-2-3-1,
1112,2024-09-28,Osasuna,Hansi Flick,4-3-3,
1113,2024-10-01,Young_Boys,Hansi Flick,4-2-3-1,
1114,2024-10-06,Alavés,Hansi Flick,4-2-3-1,
1115,2024-10-20,Sevilla,Hansi Flick,4-2-3-1,
1116,2024-10-23,Bayern_Munich,Hansi Flick,4-2-3-1,
1117,2024-10-26,Real_Madrid,Hansi Flick,4-2-3-1,
1118,2024-11-03,Espanyol,Hansi Flick,4-2-3-1,
1119,2024-11-06,Red_Star,Hansi Flick,4-2-3-1,
1120,2024-11-10,Real_Sociedad,Hansi Flick,4-2-3-1,
1121,2024-11-23,Celta_Vigo,Hansi Flick,4-2-3-1,
1122,2024-11-26,Brest,Hansi Flick,4-2-3-1,
1123,2024-11-30,Las_Palmas,Hansi Flick,4-2-3-1,
1124,2024-12-03,Mallorca,Hansi Flick,4-2-3-1,
1125,2024-12-07,Real_Betis,Hansi Flick,4-3-3,
1126,2024-12-11,Dortmund,Hansi Flick,4-2-3-1,
1127,2024-12-15,Leganés,Hansi Flick,4-2-3-1,
1128,2024-12-21,Atlético_Madrid,Hansi Flick,4-2-3-1,
1129,2025-01-04,Barbastro,Hansi Flick,4-2-3-1,
112,2005-12-07,Udinese,Frank Rijkaard,Desconocida,
1130,2025-01-08,Athletic_Club,Hansi Flick,4-2-3-1,
1131,2025-01-12,Real_Madrid,Hansi Flick,4-2-3-1,
1132,2025-01-15,Real_Betis,Hansi Flick,4-3-3,
1133,2025-01-18,Getafe,Hansi Flick,4-2-3-1,
1134,2025-01-21,Benfica,Hansi Flick,4-2-3-1,
1135,2025-01-26,Valencia,Hansi Flick,4-2-3-1,
1136,2025-01-29,Atalanta,Hansi Flick,4-2-3-1,
1137,2025-02-02,Alavés,Hansi Flick,4-3-3,
1138,2025-02-06,Valencia,Hansi Flick,4-3-3,
1139,2025-02-09,Sevilla,Hansi Flick,4-2-3-1,
113,2005-12-11,Sevilla,Frank Rijkaard,4-3-3,
1140,2025-02-17,Rayo_Vallecano,Hansi Flick,4-2-3-1,
1141,2025-02-22,Las_Palmas,Hansi Flick,4-2-3-1,
1142,2025-02-25,Atlético_Madrid,Hansi Flick,4-2-3-1,
1143,2025-03-02,Real_Sociedad,Hansi Flick,4-1-4-1,
1144,2025-03-05,Benfica,Hansi Flick,4-2-3-1,
1145,2025-03-11,Benfica,Hansi Flick,4-2-3-1,
1146,2025-03-16,Atlético_Madrid,Hansi Flick,4-2-3-1,
1147,2025-03-27,Osasuna,Hansi Flick,4-3-3,
1148,2025-03-30,Girona,Hansi Flick,4-2-3-1,
1149,2025-04-02,Atlético_Madrid,Hansi Flick,4-2-3-1,
114,2005-12-17,Cádiz,Frank Rijkaard,4-3-3,
1150,2025-04-05,Real_Betis,Hansi Flick,4-3-3,
1151,2025-04-09,Dortmund,Hansi Flick,4-2-3-1,
1152,2025-04-12,Leganés,Hansi Flick,4-2-3-1,
1153,2025-04-15,Dortmund,Hansi Flick,4-2-3-1,
1154,2025-04-19,Celta_Vigo,Hansi Flick,4-3-3,
1155,2025-04-22,Mallorca,Hansi Flick,4-2-3-1,
1156,2025-04-26,Real_Madrid,Hansi Flick,4-2-3-1,
1157,2025-04-30,Inter,Hansi Flick,4-2-3-1,
1158,2025-05-03,Valladolid,Hansi Flick,4-2-3-1,
1159,2025-05-06,Inter,Hansi Flick,4-2-3-1,
115,2005-12-20,Celta_Vigo,Frank Rijkaard,4-3-3,
1160,2025-05-11,Real_Madrid,Hansi Flick,4-2-3-1,
1161,2025-05-15,Espanyol,Hansi Flick,4-2-3-1,
1162,2025-05-18,Villarreal,Hansi Flick,4-2-3-1,
1163,2025-05-25,Athletic_Club,Hansi Flick,4-2-3-1,
116,2006-01-07,Espanyol,Frank Rijkaard,4-3-3,
117,2006-01-15,Athletic_Club,Frank Rijkaard,4-3-3,
118,2006-01-22,Alavés,Frank Rijkaard,4-3-3,
119,2006-01-29,Mallorca,Frank Rijkaard,4-3-3,
11,2003-10-29,Real_Murcia,Frank Rijkaard,Desconocida,
120,2006-02-05,Atlético_Madrid,Frank Rijkaard,4-3-3,
121,2006-02-12,Valencia,Frank Rijkaard,Desconocida,
122,2006-02-18,Real_Betis,Frank Rijkaard,4-3-3,
123,2006-02-22,Chelsea,Frank Rijkaard,Desconocida,
124,2006-02-25,Zaragoza,Frank Rijkaard,4-3-3,
125,2006-03-04,Dep_La_Coruña,Frank Rijkaard,Desconocida,
126,2006-03-07,Chelsea,Frank Rijkaard,Desconocida,
127,2006-03-12,Osasuna,Frank Rijkaard,Desconocida,
128,2006-03-18,Real_Sociedad,Frank Rijkaard,Desconocida,
129,2006-03-21,Getafe,Frank Rijkaard,Desconocida,
12,2003-11-02,Real_Sociedad,Frank Rijkaard,Desconocida,
130,2006-03-25,Málaga,Frank Rijkaard,Desconocida,
131,2006-03-28,Benfica,Frank Rijkaard,Desconocida,
132,2006-04-01,Real_Madrid,Frank Rijkaard,Desconocida,
133,2006-04-05,Benfica,Ronald Koeman,Desconocida,
134,2006-04-09,Racing_Sant,Frank Rijkaard,Desconocida,
135,2006-04-14,Villarreal,Frank Rijkaard,Desconocida,
136,2006-04-18,Milan,Frank Rijkaard,Desconocida,
137,2006-04-26,Milan,Frank Rijkaard,Desconocida,
138,2006-04-29,Cádiz,Frank Rijkaard,Desconocida,
139,2006-05-03,Celta_Vigo,Frank Rijkaard,Desconocida,
13,2003-11-06,Panionios,Frank Rijkaard,Desconocida,
140,2006-05-06,Espanyol,Frank Rijkaard,Desconocida,
141,2006-05-13,Sevilla,Frank Rijkaard,Desconocida,
142,2006-05-17,Arsenal,Frank Rijkaard,Desconocida,
143,2006-05-20,Athletic_Club,Frank Rijkaard,Desconocida,
144,2006-08-28,Celta_Vigo,Frank Rijkaard,4-3-3,
145,2006-09-09,Osasuna,Frank Rijkaard,4-3-3,
146,2006-09-12,Levski_Sofia,Frank Rijkaard,Desconocida,
147,2006-09-17,Racing_Sant,Frank Rijkaard,4-3-3,
148,2006-09-24,Valencia,Frank Rijkaard,4-3-3,
149,2006-09-27,Werder_Bremen,Frank Rijkaard,Desconocida,
14,2003-11-09,Real_Betis,Frank Rijkaard,Desconocida,
150,2006-09-30,Athletic_Club,Frank Rijkaard,4-3-3,
151,2006-10-15,Sevilla,Frank Rijkaard,4-3-3,
152,2006-10-18,Chelsea,Frank Rijkaard,Desconocida,
153,2006-10-22,Real_Madrid,Frank Rijkaard,4-3-3,
154,2006-10-28,Recreativo,Frank Rijkaard,Desconocida,
155,2006-10-31,Chelsea,Frank Rijkaard,Desconocida,
156,2006-11-04,Dep_La_Coruña,Frank Rijkaard,4-3-3,
157,2006-11-12,Zaragoza,Frank Rijkaard,4-3-3,
158,2006-11-19,Mallorca,Frank Rijkaard,Desconocida,
159,2006-11-22,Levski_Sofia,Frank Rijkaard,Desconocida,
15,2003-11-22,Villarreal,Frank Rijkaard,Desconocida,
160,2006-11-25,Villarreal,Frank Rijkaard,Desconocida,
161,2006-12-02,Levante,Frank Rijkaard,Desconocida,
162,2006-12-05,Werder_Bremen,Frank Rijkaard,Desconocida,
163,2006-12-09,Real_Sociedad,Frank Rijkaard,Desconocida,
164,2006-12-21,Atlético_Madrid,Frank Rijkaard,Desconocida,
165,2007-01-07,Getafe,Frank Rijkaard,Desconocida,
166,2007-01-13,Espanyol,Frank Rijkaard,Desconocida,
167,2007-01-21,Gimnàstic,Frank Rijkaard,Desconocida,
168,2007-01-24,Real_Betis,Frank Rijkaard,Desconocida,
169,2007-01-28,Celta_Vigo,Frank Rijkaard,Desconocida,
16,2003-11-27,Panionios,Frank Rijkaard,Desconocida,
170,2007-02-04,Osasuna,Frank Rijkaard,Desconocida,
171,2007-02-11,Racing_Sant,Frank Rijkaard,4-3-3,
172,2007-02-18,Valencia,Frank Rijkaard,4-3-3,
173,2007-02-21,Liverpool,Frank Rijkaard,Desconocida,
174,2007-02-25,Athletic_Club,Frank Rijkaard,4-3-3,
175,2007-03-03,Sevilla,Frank Rijkaard,3-4-3,
176,2007-03-06,Liverpool,Frank Rijkaard,Desconocida,
177,2007-03-10,Real_Madrid,Frank Rijkaard,3-4-3,
178,2007-03-17,Recreativo,Frank Rijkaard,4-3-3,
179,2007-03-31,Dep_La_Coruña,Frank Rijkaard,4-3-3,
17,2003-11-30,Valladolid,Frank Rijkaard,Desconocida,
180,2007-04-07,Zaragoza,Frank Rijkaard,3-4-3,
181,2007-04-15,Mallorca,Frank Rijkaard,4-3-3,
182,2007-04-22,Villarreal,Frank Rijkaard,4-3-3,
183,2007-04-29,Levante,Frank Rijkaard,4-3-3,
184,2007-05-05,Real_Sociedad,Frank Rijkaard,4-3-3,
185,2007-05-13,Real_Betis,Frank Rijkaard,4-3-3,
186,2007-05-20,Atlético_Madrid,Frank Rijkaard,4-3-3,
187,2007-05-26,Getafe,Frank Rijkaard,4-3-3,
188,2007-06-09,Espanyol,Ernesto Valverde,4-3-3,
18,2003-12-03,Málaga,Frank Rijkaard,Desconocida,
190,2007-08-26,Racing_Sant,Frank Rijkaard,4-3-3,
191,2007-09-02,Athletic_Club,Frank Rijkaard,4-3-3,
192,2007-09-16,Osasuna,Frank Rijkaard,Desconocida,
193,2007-09-19,Lyon,Frank Rijkaard,Desconocida,
194,2007-09-22,Sevilla,Frank Rijkaard,4-3-3,
195,2007-09-26,Zaragoza,Frank Rijkaard,4-3-3,
196,2007-09-29,Levante,Frank Rijkaard,4-3-3,
197,2007-10-02,Stuttgart,Frank Rijkaard,Desconocida,
198,2007-10-07,Atlético_Madrid,Frank Rijkaard,4-3-3,
199,2007-10-20,Villarreal,Frank Rijkaard,4-3-3,
19,2003-12-06,Real_Madrid,Frank Rijkaard,Desconocida,
1,2003-08-30,Athletic_Club,Frank Rijkaard,Desconocida,
200,2007-10-23,Rangers,Frank Rijkaard,Desconocida,
201,2007-10-28,Almería,Frank Rijkaard,4-3-3,
202,2007-11-01,Valladolid,Frank Rijkaard,4-3-3,
203,2007-11-04,Real_Betis,Frank Rijkaard,4-3-3,
204,2007-11-07,Rangers,Frank Rijkaard,Desconocida,
205,2007-11-10,Getafe,Frank Rijkaard,4-3-3,
206,2007-11-24,Recreativo,Frank Rijkaard,4-3-3,
207,2007-11-27,Lyon,Frank Rijkaard,Desconocida,
208,2007-12-01,Espanyol,Frank Rijkaard,4-3-3,
209,2007-12-09,Dep_La_Coruña,Frank Rijkaard,4-3-3,
20,2003-12-13,Espanyol,Frank Rijkaard,Desconocida,
210,2007-12-12,Stuttgart,Frank Rijkaard,Desconocida,
211,2007-12-15,Valencia,Frank Rijkaard,4-3-3,
212,2007-12-23,Real_Madrid,Frank Rijkaard,Desconocida,
213,2008-01-05,Mallorca,Frank Rijkaard,Desconocida,
214,2008-01-12,Real_Murcia,Frank Rijkaard,Desconocida,
215,2008-01-20,Racing_Sant,Frank Rijkaard,4-3-3,
216,2008-01-27,Athletic_Club,Frank Rijkaard,4-3-3,
217,2008-02-03,Osasuna,Frank Rijkaard,4-3-3,
218,2008-02-09,Sevilla,Frank Rijkaard,4-3-3,
219,2008-02-16,Zaragoza,Frank Rijkaard,4-3-3,
21,2003-12-21,Celta_Vigo,Frank Rijkaard,Desconocida,
220,2008-02-20,Celtic,Frank Rijkaard,Desconocida,
221,2008-02-24,Levante,Frank Rijkaard,4-3-3,
222,2008-03-01,Atlético_Madrid,Frank Rijkaard,4-3-3,
223,2008-03-04,Celtic,Frank Rijkaard,Desconocida,
224,2008-03-09,Villarreal,Frank Rijkaard,Desconocida,
225,2008-03-16,Almería,Frank Rijkaard,Desconocida,
226,2008-03-23,Valladolid,Frank Rijkaard,Desconocida,
227,2008-03-29,Real_Betis,Frank Rijkaard,Desconocida,
228,2008-04-01,Schalke_04,Frank Rijkaard,Desconocida,
229,2008-04-06,Getafe,Frank Rijkaard,Desconocida,
22,2004-01-04,Racing_Sant,Frank Rijkaard,Desconocida,
230,2008-04-09,Schalke_04,Frank Rijkaard,Desconocida,
231,2008-04-12,Recreativo,Frank Rijkaard,4-3-3,
232,2008-04-19,Espanyol,Ernesto Valverde,4-3-3,
233,2008-04-23,Manchester_Utd,Frank Rijkaard,Desconocida,
234,2008-04-26,Dep_La_Coruña,Frank Rijkaard,Desconocida,
235,2008-04-29,Manchester_Utd,Frank Rijkaard,Desconocida,
236,2008-05-04,Valencia,Frank Rijkaard,4-3-3,
237,2008-05-07,Real_Madrid,Frank Rijkaard,4-3-3,
238,2008-05-11,Mallorca,Frank Rijkaard,4-3-3,
239,2008-05-17,Real_Murcia,Frank Rijkaard,4-3-3,
23,2004-01-11,Zaragoza,Frank Rijkaard,Desconocida,
240,2008-08-13,Wisła_Kraków,Pep Guardiola,Desconocida,
241,2008-08-26,Wisła_Kraków,Pep Guardiola,Desconocida,
242,2008-08-31,Numancia,Pep Guardiola,4-3-3,
243,2008-09-13,Racing_Sant,Pep Guardiola,4-3-3,
244,2008-09-16,Sporting_CP,Pep Guardiola,Desconocida,
245,2008-09-21,Sporting_Gijón,Pep Guardiola,4-3-3,
246,2008-09-24,Real_Betis,Pep Guardiola,4-3-3,
247,2008-09-27,Espanyol,Pep Guardiola,4-3-3,
248,2008-10-01,Shakhtar_Donetsk,Pep Guardiola,Desconocida,
249,2008-10-04,Atlético_Madrid,Pep Guardiola,4-3-3,
24,2004-01-17,Athletic_Club,Ernesto Valverde,Desconocida,
250,2008-10-19,Athletic_Club,Pep Guardiola,Desconocida,
251,2008-10-22,Basel,Pep Guardiola,Desconocida,
252,2008-10-25,Almería,Pep Guardiola,4-3-3,
253,2008-11-01,Málaga,Pep Guardiola,4-3-3,
254,2008-11-04,Basel,Pep Guardiola,Desconocida,
255,2008-11-08,Valladolid,Pep Guardiola,4-3-3,
256,2008-11-16,Recreativo,Pep Guardiola,4-3-3,
257,2008-11-23,Getafe,Pep Guardiola,Desconocida,
258,2008-11-26,Sporting_CP,Pep Guardiola,Desconocida,
259,2008-11-29,Sevilla,Pep Guardiola,4-3-3,
25,2004-01-25,Sevilla,Frank Rijkaard,Desconocida,
260,2008-12-06,Valencia,Pep Guardiola,4-3-3,
261,2008-12-09,Shakhtar_Donetsk,Pep Guardiola,Desconocida,
262,2008-12-13,Real_Madrid,Pep Guardiola,4-3-3,
263,2008-12-21,Villarreal,Pep Guardiola,4-3-3,
264,2009-01-03,Mallorca,Pep Guardiola,Desconocida,
265,2009-01-11,Osasuna,Pep Guardiola,4-3-3,
266,2009-01-17,Dep_La_Coruña,Pep Guardiola,4-3-3,
267,2009-01-24,Numancia,Sergije Krešić,4-3-3,
268,2009-02-01,Racing_Sant,Pep Guardiola,4-3-3,
269,2009-02-08,Sporting_Gijón,Pep Guardiola,4-3-3,
26,2004-02-01,Albacete,Frank Rijkaard,Desconocida,
270,2009-02-14,Real_Betis,Pep Guardiola,4-3-3,
271,2009-02-21,Espanyol,Pep Guardiola,4-3-3,
272,2009-02-24,Lyon,Pep Guardiola,Desconocida,
273,2009-03-01,Atlético_Madrid,Pep Guardiola,4-3-3,
274,2009-03-07,Athletic_Club,Pep Guardiola,4-3-3,
275,2009-03-11,Lyon,Pep Guardiola,Desconocida,
276,2009-03-15,Almería,Pep Guardiola,4-3-3,
277,2009-03-22,Málaga,Pep Guardiola,4-3-3,
278,2009-04-04,Valladolid,Pep Guardiola,4-3-3,
279,2009-04-08,Bayern_Munich,Pep Guardiola,Desconocida,
27,2004-02-08,Osasuna,Frank Rijkaard,Desconocida,
280,2009-04-11,Recreativo,Pep Guardiola,4-3-3,
281,2009-04-14,Bayern_Munich,Pep Guardiola,Desconocida,
282,2009-04-18,Getafe,Pep Guardiola,4-3-3,
283,2009-04-22,Sevilla,Pep Guardiola,Desconocida,
284,2009-04-25,Valencia,Pep Guardiola,4-3-3,
285,2009-04-28,Chelsea,Pep Guardiola,Desconocida,
286,2009-05-02,Real_Madrid,Pep Guardiola,4-3-3,
287,2009-05-06,Chelsea,Pep Guardiola,Desconocida,
288,2009-05-10,Villarreal,Pep Guardiola,4-3-3,
289,2009-05-17,Mallorca,Pep Guardiola,Desconocida,
28,2004-02-15,Atlético_Madrid,Frank Rijkaard,Desconocida,
290,2009-05-23,Osasuna,Pep Guardiola,Desconocida,
291,2009-05-27,Manchester_Utd,Pep Guardiola,4-3-3,
292,2009-05-30,Dep_La_Coruña,Pep Guardiola,Desconocida,
293,2009-08-31,Sporting_Gijón,Pep Guardiola,Desconocida,
294,2009-09-12,Getafe,Pep Guardiola,4-3-3,
295,2009-09-16,Inter,Pep Guardiola,Desconocida,
296,2009-09-19,Atlético_Madrid,Pep Guardiola,4-3-3,
297,2009-09-22,Racing_Sant,Pep Guardiola,4-3-3,
298,2009-09-26,Málaga,Pep Guardiola,4-3-3,
299,2009-09-29,Dynamo_Kyiv,Pep Guardiola,Desconocida,
29,2004-02-21,Valencia,Frank Rijkaard,Desconocida,
2,2003-09-03,Sevilla,Frank Rijkaard,Desconocida,
300,2009-10-03,Almería,Pep Guardiola,4-3-3,
301,2009-10-17,Valencia,Pep Guardiola,4-3-3,
302,2009-10-20,Rubin_Kazan,Pep Guardiola,Desconocida,
303,2009-10-25,Zaragoza,Pep Guardiola,4-3-3,
304,2009-10-31,Osasuna,Pep Guardiola,4-3-3,
305,2009-11-04,Rubin_Kazan,Pep Guardiola,Desconocida,
306,2009-11-07,Mallorca,Pep Guardiola,4-3-3,
307,2009-11-21,Athletic_Club,Pep Guardiola,4-3-3,
308,2009-11-24,Inter,Pep Guardiola,Desconocida,
309,2009-11-29,Real_Madrid,Pep Guardiola,4-3-3,
30,2004-02-26,Brøndby,Frank Rijkaard,Desconocida,
310,2009-12-02,Xerez,Pep Guardiola,4-3-3,
311,2009-12-05,Dep_La_Coruña,Pep Guardiola,4-3-3,
312,2009-12-09,Dynamo_Kyiv,Pep Guardiola,Desconocida,
313,2009-12-12,Espanyol,Pep Guardiola,Desconocida,
314,2010-01-02,Villarreal,Ernesto Valverde,Desconocida,
315,2010-01-10,Tenerife,Pep Guardiola,4-3-3,
316,2010-01-16,Sevilla,Pep Guardiola,4-3-3,
317,2010-01-23,Valladolid,Pep Guardiola,4-3-3,
318,2010-01-30,Sporting_Gijón,Pep Guardiola,4-3-3,
319,2010-02-06,Getafe,Pep Guardiola,4-3-3,
31,2004-02-29,Dep_La_Coruña,Frank Rijkaard,Desconocida,
320,2010-02-14,Atlético_Madrid,Pep Guardiola,4-3-3,
321,2010-02-20,Racing_Sant,Pep Guardiola,4-3-3,
322,2010-02-23,Stuttgart,Pep Guardiola,Desconocida,
323,2010-02-27,Málaga,Pep Guardiola,4-2-3-1,
324,2010-03-06,Almería,Pep Guardiola,4-3-3,
325,2010-03-14,Valencia,Pep Guardiola,4-3-3,
326,2010-03-17,Stuttgart,Pep Guardiola,Desconocida,
327,2010-03-21,Zaragoza,Pep Guardiola,4-3-3,
328,2010-03-24,Osasuna,Pep Guardiola,4-3-3,
329,2010-03-27,Mallorca,Pep Guardiola,4-3-3,
32,2004-03-03,Brøndby,Frank Rijkaard,Desconocida,
330,2010-03-31,Arsenal,Pep Guardiola,Desconocida,
331,2010-04-03,Athletic_Club,Pep Guardiola,4-4-2,
332,2010-04-06,Arsenal,Pep Guardiola,Desconocida,
333,2010-04-10,Real_Madrid,Pep Guardiola,4-3-3,
334,2010-04-14,Dep_La_Coruña,Pep Guardiola,4-3-3,
335,2010-04-17,Espanyol,Pep Guardiola,4-3-3,
336,2010-04-20,Inter,Pep Guardiola,Desconocida,
337,2010-04-24,Xerez,Pep Guardiola,4-3-3,
338,2010-04-28,Inter,Pep Guardiola,Desconocida,
339,2010-05-01,Villarreal,Pep Guardiola,4-3-3,
33,2004-03-07,Mallorca,Frank Rijkaard,Desconocida,
340,2010-05-04,Tenerife,Pep Guardiola,4-3-3,
341,2010-05-08,Sevilla,Pep Guardiola,4-3-3,
342,2010-05-16,Valladolid,Pep Guardiola,4-3-3,
343,2010-08-29,Racing_Sant,Pep Guardiola,4-3-3,
344,2010-09-11,Hércules,Pep Guardiola,4-3-3,
345,2010-09-14,Panathinaikos,Pep Guardiola,Desconocida,
346,2010-09-19,Atlético_Madrid,Pep Guardiola,4-1-2-1-2,
347,2010-09-22,Sporting_Gijón,Pep Guardiola,Desconocida,
348,2010-09-25,Athletic_Club,Pep Guardiola,Desconocida,
349,2010-09-29,Rubin_Kazan,Pep Guardiola,Desconocida,
34,2004-03-11,Celtic,Frank Rijkaard,Desconocida,
350,2010-10-03,Mallorca,Pep Guardiola,4-3-3,
351,2010-10-16,Valencia,Pep Guardiola,4-3-3,
352,2010-10-20,FC_Copenhagen,Pep Guardiola,Desconocida,
353,2010-10-23,Zaragoza,Pep Guardiola,3-4-1-2,
354,2010-10-30,Sevilla,Pep Guardiola,4-3-3,
355,2010-11-02,FC_Copenhagen,Pep Guardiola,Desconocida,
356,2010-11-07,Getafe,Pep Guardiola,4-3-3,
357,2010-11-13,Villarreal,Pep Guardiola,4-3-3,
358,2010-11-20,Almería,Pep Guardiola,4-3-3,
359,2010-11-24,Panathinaikos,Pep Guardiola,Desconocida,
35,2004-03-14,Real_Murcia,Frank Rijkaard,Desconocida,
360,2010-11-29,Real_Madrid,Pep Guardiola,4-3-3,
361,2010-12-04,Osasuna,Pep Guardiola,4-3-3,
362,2010-12-07,Rubin_Kazan,Pep Guardiola,Desconocida,
363,2010-12-12,Real_Sociedad,Pep Guardiola,4-3-3,
364,2010-12-18,Espanyol,Pep Guardiola,4-3-3,
365,2011-01-02,Levante,Pep Guardiola,Desconocida,
366,2011-01-08,Dep_La_Coruña,Pep Guardiola,4-3-3,
367,2011-01-16,Málaga,Pep Guardiola,4-3-3,
368,2011-01-22,Racing_Sant,Pep Guardiola,4-3-3,
369,2011-01-29,Hércules,Pep Guardiola,4-3-3,
36,2004-03-21,Real_Sociedad,Frank Rijkaard,Desconocida,
370,2011-02-05,Atlético_Madrid,Pep Guardiola,4-3-3,
371,2011-02-12,Sporting_Gijón,Pep Guardiola,4-3-3,
372,2011-02-16,Arsenal,Pep Guardiola,Desconocida,
373,2011-02-20,Athletic_Club,Pep Guardiola,4-3-3,
374,2011-02-26,Mallorca,Pep Guardiola,4-3-3,
375,2011-03-02,Valencia,Pep Guardiola,3-5-1-1,
376,2011-03-05,Zaragoza,Pep Guardiola,4-3-3,
377,2011-03-08,Arsenal,Pep Guardiola,Desconocida,
378,2011-03-13,Sevilla,Pep Guardiola,4-3-3,
379,2011-03-19,Getafe,Pep Guardiola,4-3-3,
37,2004-03-25,Celtic,Frank Rijkaard,Desconocida,
380,2011-04-02,Villarreal,Pep Guardiola,4-3-3,
381,2011-04-06,Shakhtar_Donetsk,Pep Guardiola,Desconocida,
382,2011-04-09,Almería,Pep Guardiola,4-3-3,
383,2011-04-12,Shakhtar_Donetsk,Pep Guardiola,Desconocida,
384,2011-04-16,Real_Madrid,Pep Guardiola,4-3-3,
385,2011-04-23,Osasuna,Pep Guardiola,4-3-3,
386,2011-04-27,Real_Madrid,Pep Guardiola,Desconocida,
387,2011-04-30,Real_Sociedad,Pep Guardiola,4-3-3,
388,2011-05-03,Real_Madrid,Pep Guardiola,Desconocida,
389,2011-05-08,Espanyol,Pep Guardiola,4-3-3,
38,2004-04-03,Villarreal,Frank Rijkaard,Desconocida,
390,2011-05-11,Levante,Pep Guardiola,4-3-3,
391,2011-05-15,Dep_La_Coruña,Pep Guardiola,Desconocida,
392,2011-05-21,Málaga,Pep Guardiola,Desconocida,
393,2011-05-28,Manchester_Utd,Pep Guardiola,4-3-3,
394,2011-08-29,Villarreal,Pep Guardiola,3-4-3,
395,2011-09-10,Real_Sociedad,Pep Guardiola,4-3-3,
396,2011-09-13,Milan,Pep Guardiola,Desconocida,
397,2011-09-17,Osasuna,Pep Guardiola,4-1-2-1-2,
398,2011-09-21,Valencia,Pep Guardiola,3-4-2-1,
399,2011-09-24,Atlético_Madrid,Pep Guardiola,4-3-3,
39,2004-04-10,Valladolid,Frank Rijkaard,Desconocida,
3,2003-09-14,Albacete,Frank Rijkaard,Desconocida,
400,2011-09-28,BATE_Borisov,Pep Guardiola,Desconocida,
401,2011-10-02,Sporting_Gijón,Pep Guardiola,4-3-3,
402,2011-10-15,Racing_Sant,Pep Guardiola,4-3-3,
403,2011-10-19,Viktoria_Plzeň,Pep Guardiola,Desconocida,
404,2011-10-22,Sevilla,Pep Guardiola,4-3-3,
405,2011-10-25,Granada,Pep Guardiola,4-3-3,
406,2011-10-29,Mallorca,Pep Guardiola,4-4-1-1,
407,2011-11-01,Viktoria_Plzeň,Pep Guardiola,Desconocida,
408,2011-11-06,Athletic_Club,Pep Guardiola,3-5-1-1,
409,2011-11-19,Zaragoza,Pep Guardiola,4-3-3,
40,2004-04-14,Real_Betis,Frank Rijkaard,Desconocida,
410,2011-11-23,Milan,Pep Guardiola,Desconocida,
411,2011-11-26,Getafe,Pep Guardiola,4-3-3,
412,2011-11-29,Rayo_Vallecano,Pep Guardiola,4-3-3,
413,2011-12-03,Levante,Pep Guardiola,3-5-1-1,
414,2011-12-06,BATE_Borisov,Pep Guardiola,Desconocida,
415,2011-12-10,Real_Madrid,Pep Guardiola,4-3-3,
416,2012-01-08,Espanyol,Pep Guardiola,4-3-3,
417,2012-01-15,Real_Betis,Pep Guardiola,3-4-2-1,
418,2012-01-22,Málaga,Pep Guardiola,4-3-3,
419,2012-01-28,Villarreal,Pep Guardiola,3-5-1-1,
41,2004-04-18,Málaga,Frank Rijkaard,Desconocida,
420,2012-02-04,Real_Sociedad,Pep Guardiola,4-3-3,
421,2012-02-11,Osasuna,Pep Guardiola,4-3-3,
422,2012-02-14,Leverkusen,Pep Guardiola,Desconocida,
423,2012-02-19,Valencia,Pep Guardiola,4-3-3,
424,2012-02-26,Atlético_Madrid,Pep Guardiola,4-3-3,
425,2012-03-03,Sporting_Gijón,Pep Guardiola,Desconocida,
426,2012-03-07,Leverkusen,Pep Guardiola,Desconocida,
427,2012-03-11,Racing_Sant,Pep Guardiola,3-5-1-1,
428,2012-03-17,Sevilla,Pep Guardiola,4-3-3,
429,2012-03-20,Granada,Pep Guardiola,4-3-3,
42,2004-04-25,Real_Madrid,Frank Rijkaard,Desconocida,
430,2012-03-24,Mallorca,Pep Guardiola,3-4-1-2,
431,2012-03-28,Milan,Pep Guardiola,Desconocida,
432,2012-03-31,Athletic_Club,Pep Guardiola,4-3-3,
433,2012-04-03,Milan,Pep Guardiola,Desconocida,
434,2012-04-07,Zaragoza,Pep Guardiola,4-3-3,
435,2012-04-10,Getafe,Pep Guardiola,3-5-2,
436,2012-04-14,Levante,Pep Guardiola,3-5-1-1,
437,2012-04-18,Chelsea,Pep Guardiola,Desconocida,
438,2012-04-21,Real_Madrid,Pep Guardiola,3-5-1-1,
439,2012-04-24,Chelsea,Pep Guardiola,Desconocida,
43,2004-05-02,Espanyol,Frank Rijkaard,Desconocida,
440,2012-04-29,Rayo_Vallecano,Pep Guardiola,4-3-3,
441,2012-05-02,Málaga,Pep Guardiola,4-3-3,
442,2012-05-05,Espanyol,Pep Guardiola,4-3-3,
443,2012-05-12,Real_Betis,Pep Guardiola,4-3-3,
444,2012-08-19,Real_Sociedad,Tito Vilanova,4-3-3,
445,2012-08-26,Osasuna,Tito Vilanova,4-3-3,
446,2012-09-02,Valencia,Tito Vilanova,4-3-3,
447,2012-09-15,Getafe,Tito Vilanova,4-3-3,
448,2012-09-19,Spartak_Moscow,Tito Vilanova,Desconocida,
449,2012-09-22,Granada,Tito Vilanova,4-3-3,
44,2004-05-08,Celta_Vigo,Frank Rijkaard,Desconocida,
450,2012-09-29,Sevilla,Tito Vilanova,4-3-3,
451,2012-10-02,Benfica,Tito Vilanova,Desconocida,
452,2012-10-07,Real_Madrid,Tito Vilanova,4-3-3,
453,2012-10-20,Dep_La_Coruña,Tito Vilanova,4-3-3,
454,2012-10-23,Celtic,Tito Vilanova,Desconocida,
455,2012-10-27,Rayo_Vallecano,Tito Vilanova,4-3-3,
456,2012-11-03,Celta_Vigo,Tito Vilanova,4-3-3,
457,2012-11-07,Celtic,Tito Vilanova,Desconocida,
458,2012-11-11,Mallorca,Tito Vilanova,4-3-3,
459,2012-11-17,Zaragoza,Tito Vilanova,4-3-3,
45,2004-05-16,Racing_Sant,Frank Rijkaard,Desconocida,
460,2012-11-20,Spartak_Moscow,Tito Vilanova,Desconocida,
461,2012-11-25,Levante,Tito Vilanova,4-3-3,
462,2012-12-01,Athletic_Club,Tito Vilanova,4-3-3,
463,2012-12-05,Benfica,Tito Vilanova,Desconocida,
464,2012-12-09,Real_Betis,Tito Vilanova,4-3-3,
465,2012-12-16,Atlético_Madrid,Tito Vilanova,4-3-3,
466,2012-12-22,Valladolid,Jordi Roura,4-3-3,
467,2013-01-06,Espanyol,Tito Vilanova,4-3-3,
468,2013-01-13,Málaga,Tito Vilanova,4-3-3,
469,2013-01-19,Real_Sociedad,Tito Vilanova,4-3-3,
46,2004-05-23,Zaragoza,Frank Rijkaard,Desconocida,
470,2013-01-27,Osasuna,Jordi Roura,4-3-3,
471,2013-02-03,Valencia,Jordi Roura,4-3-3,
472,2013-02-10,Getafe,Jordi Roura,4-3-3,
473,2013-02-16,Granada,Jordi Roura,4-3-3,
474,2013-02-20,Milan,Jordi Roura,Desconocida,
475,2013-02-23,Sevilla,Jordi Roura,4-3-3,
476,2013-03-02,Real_Madrid,Jordi Roura,4-3-3,
477,2013-03-09,Dep_La_Coruña,Jordi Roura,4-3-3,
478,2013-03-12,Milan,Jordi Roura,Desconocida,
479,2013-03-17,Rayo_Vallecano,Jordi Roura,4-3-3,
47,2004-08-29,Racing_Sant,Frank Rijkaard,Desconocida,
480,2013-03-30,Celta_Vigo,Jordi Roura,4-3-3,
481,2013-04-02,Paris_Saint-Germain,Tito Vilanova,Desconocida,
482,2013-04-06,Mallorca,Tito Vilanova,Desconocida,
483,2013-04-10,Paris_Saint-Germain,Tito Vilanova,Desconocida,
484,2013-04-14,Zaragoza,Tito Vilanova,Desconocida,
485,2013-04-20,Levante,Tito Vilanova,Desconocida,
486,2013-04-23,Bayern_Munich,Tito Vilanova,Desconocida,
487,2013-04-27,Athletic_Club,Tito Vilanova,4-3-3,
488,2013-05-01,Bayern_Munich,Tito Vilanova,Desconocida,
489,2013-05-05,Real_Betis,Tito Vilanova,4-3-3,
48,2004-09-11,Sevilla,Frank Rijkaard,Desconocida,
490,2013-05-12,Atlético_Madrid,Tito Vilanova,4-3-3,
491,2013-05-19,Valladolid,Tito Vilanova,Desconocida,
492,2013-05-26,Espanyol,Tito Vilanova,Desconocida,
493,2013-06-01,Málaga,Tito Vilanova,Desconocida,
494,2013-08-18,Levante,Gerardo Daniel Martino,4-3-3,
495,2013-08-25,Málaga,Gerardo Daniel Martino,Desconocida,
496,2013-09-01,Valencia,Gerardo Daniel Martino,4-3-3,
497,2013-09-14,Sevilla,Gerardo Daniel Martino,4-3-3,
498,2013-09-18,Ajax,Gerardo Daniel Martino,Desconocida,
499,2013-09-21,Rayo_Vallecano,Gerardo Daniel Martino,4-3-3,
49,2004-09-14,Celtic,Frank Rijkaard,Desconocida,
4,2003-09-20,Osasuna,Frank Rijkaard,Desconocida,
500,2013-09-24,Real_Sociedad,Gerardo Daniel Martino,4-3-3,
501,2013-09-28,Almería,Gerardo Daniel Martino,4-3-3,
502,2013-10-01,Celtic,Gerardo Daniel Martino,Desconocida,
503,2013-10-05,Valladolid,Gerardo Daniel Martino,Desconocida,
504,2013-10-19,Osasuna,Gerardo Daniel Martino,4-3-3,
505,2013-10-22,Milan,Gerardo Daniel Martino,Desconocida,
506,2013-10-26,Real_Madrid,Gerardo Daniel Martino,4-3-3,
507,2013-10-29,Celta_Vigo,Gerardo Daniel Martino,4-3-3,
508,2013-11-01,Espanyol,Gerardo Daniel Martino,4-3-3,
509,2013-11-06,Milan,Gerardo Daniel Martino,Desconocida,
50,2004-09-19,Atlético_Madrid,Frank Rijkaard,Desconocida,
510,2013-11-10,Real_Betis,Gerardo Daniel Martino,4-3-3,
511,2013-11-23,Granada,Gerardo Daniel Martino,Desconocida,
512,2013-11-26,Ajax,Gerardo Daniel Martino,Desconocida,
513,2013-12-01,Athletic_Club,Gerardo Daniel Martino,Desconocida,
514,2013-12-11,Celtic,Gerardo Daniel Martino,Desconocida,
515,2013-12-14,Villarreal,Gerardo Daniel Martino,Desconocida,
516,2013-12-22,Getafe,Gerardo Daniel Martino,Desconocida,
517,2014-01-05,Elche,Gerardo Daniel Martino,Desconocida,
518,2014-01-11,Atlético_Madrid,Gerardo Daniel Martino,4-1-2-1-2,
519,2014-01-19,Levante,Gerardo Daniel Martino,4-3-3,
51,2004-09-23,Zaragoza,Frank Rijkaard,Desconocida,
520,2014-01-26,Málaga,Gerardo Daniel Martino,4-3-3,
521,2014-02-01,Valencia,Gerardo Daniel Martino,4-3-3,
522,2014-02-09,Sevilla,Gerardo Daniel Martino,4-3-3,
523,2014-02-15,Rayo_Vallecano,Gerardo Daniel Martino,4-3-3,
524,2014-02-18,Manchester_City,Gerardo Daniel Martino,Desconocida,
525,2014-02-22,Real_Sociedad,Gerardo Daniel Martino,4-3-3,
526,2014-03-02,Almería,Gerardo Daniel Martino,4-3-3,
527,2014-03-08,Valladolid,Gerardo Daniel Martino,4-3-3,
528,2014-03-12,Manchester_City,Gerardo Daniel Martino,Desconocida,
529,2014-03-16,Osasuna,Gerardo Daniel Martino,4-3-3,
52,2004-09-26,Mallorca,Frank Rijkaard,Desconocida,
530,2014-03-23,Real_Madrid,Gerardo Daniel Martino,4-3-3,
531,2014-03-26,Celta_Vigo,Luis Enrique,4-3-3,
532,2014-03-29,Espanyol,Gerardo Daniel Martino,4-3-3,
533,2014-04-01,Atlético_Madrid,Gerardo Daniel Martino,Desconocida,
534,2014-04-05,Real_Betis,Gerardo Daniel Martino,4-3-3,
535,2014-04-09,Atlético_Madrid,Gerardo Daniel Martino,Desconocida,
536,2014-04-12,Granada,Gerardo Daniel Martino,4-3-3,
537,2014-04-20,Athletic_Club,Ernesto Valverde,4-3-3,
538,2014-04-27,Villarreal,Gerardo Daniel Martino,4-3-3,
539,2014-05-03,Getafe,Gerardo Daniel Martino,4-3-3,
53,2004-09-29,Shakhtar_Donetsk,Frank Rijkaard,Desconocida,
540,2014-05-11,Elche,Gerardo Daniel Martino,4-3-3,
541,2014-05-17,Atlético_Madrid,Gerardo Daniel Martino,4-3-3,
542,2014-08-24,Elche,Luis Enrique,4-3-3,
543,2014-08-31,Villarreal,Luis Enrique,4-3-3,
544,2014-09-13,Athletic_Club,Ernesto Valverde,4-3-3,
545,2014-09-17,APOEL_FC,Luis Enrique,Desconocida,
546,2014-09-21,Levante,Luis Enrique,4-3-3,
547,2014-09-24,Málaga,Luis Enrique,4-3-3,
548,2014-09-27,Granada,Luis Enrique,4-3-3,
549,2014-09-30,Paris_Saint-Germain,Luis Enrique,Desconocida,
54,2004-10-03,Numancia,Frank Rijkaard,Desconocida,
550,2014-10-04,Rayo_Vallecano,Luis Enrique,4-3-3,
551,2014-10-18,Eibar,Luis Enrique,4-3-3,
552,2014-10-21,Ajax,Luis Enrique,Desconocida,
553,2014-10-25,Real_Madrid,Luis Enrique,4-3-3,
554,2014-11-01,Celta_Vigo,Luis Enrique,4-3-3,
555,2014-11-05,Ajax,Luis Enrique,Desconocida,
556,2014-11-08,Almería,Luis Enrique,4-3-3,
557,2014-11-22,Sevilla,Luis Enrique,4-3-3,
558,2014-11-25,APOEL_FC,Luis Enrique,Desconocida,
559,2014-11-30,Valencia,Luis Enrique,4-3-3,
560,2014-12-03,Huesca,Luis Enrique,Desconocida,
561,2014-12-07,Espanyol,Sergio,4-3-3,
562,2014-12-10,Paris_Saint-Germain,Luis Enrique,Desconocida,
563,2014-12-13,Getafe,Luis Enrique,4-3-3,
564,2014-12-16,Huesca,Luis Enrique,Desconocida,
565,2014-12-20,Córdoba,Luis Enrique,4-3-3,
566,2015-01-04,Real_Sociedad,Luis Enrique,4-3-3,
567,2015-01-08,Elche,Luis Enrique,Desconocida,
568,2015-01-11,Atlético_Madrid,Luis Enrique,4-3-3,
569,2015-01-15,Elche,Luis Enrique,Desconocida,
56,2004-10-20,Milan,Frank Rijkaard,Desconocida,
570,2015-01-18,Dep_La_Coruña,Luis Enrique,4-3-3,
571,2015-01-21,Atlético_Madrid,Luis Enrique,Desconocida,
572,2015-01-24,Elche,Luis Enrique,4-3-3,
573,2015-01-28,Atlético_Madrid,Luis Enrique,Desconocida,
574,2015-02-01,Villarreal,Luis Enrique,4-3-3,
575,2015-02-08,Athletic_Club,Luis Enrique,4-3-3,
576,2015-02-11,Villarreal,Luis Enrique,Desconocida,
577,2015-02-15,Levante,Luis Enrique,4-3-3,
578,2015-02-21,Málaga,Luis Enrique,4-3-3,
579,2015-02-24,Manchester_City,Luis Enrique,Desconocida,
580,2015-02-28,Granada,Luis Enrique,4-3-3,
581,2015-03-04,Villarreal,Luis Enrique,Desconocida,
582,2015-03-08,Rayo_Vallecano,Luis Enrique,4-3-3,
583,2015-03-14,Eibar,Luis Enrique,4-3-3,
584,2015-03-18,Manchester_City,Luis Enrique,Desconocida,
585,2015-03-22,Real_Madrid,Luis Enrique,4-3-3,
586,2015-04-05,Celta_Vigo,Luis Enrique,4-3-3,
587,2015-04-08,Almería,Sergi Barjuán,4-3-3,
588,2015-04-11,Sevilla,Luis Enrique,4-3-3,
589,2015-04-15,Paris_Saint-Germain,Luis Enrique,Desconocida,
58,2004-10-30,Athletic_Club,Frank Rijkaard,Desconocida,
590,2015-04-18,Valencia,Luis Enrique,4-3-3,
591,2015-04-21,Paris_Saint-Germain,Luis Enrique,Desconocida,
592,2015-04-25,Espanyol,Luis Enrique,4-3-3,
593,2015-04-28,Getafe,Luis Enrique,4-3-3,
594,2015-05-02,Córdoba,Luis Enrique,4-3-3,
595,2015-05-06,Bayern_Munich,Pep Guardiola,Desconocida,
596,2015-05-09,Real_Sociedad,Luis Enrique,4-3-3,
597,2015-05-12,Bayern_Munich,Luis Enrique,Desconocida,
598,2015-05-17,Atlético_Madrid,Luis Enrique,4-3-3,
599,2015-05-23,Dep_La_Coruña,Luis Enrique,4-3-3,
59,2004-11-02,Milan,Frank Rijkaard,Desconocida,
5,2003-09-24,FK_Púchov,Frank Rijkaard,Desconocida,
600,2015-05-30,Athletic_Club,Luis Enrique,Desconocida,
601,2015-06-06,Juventus,Luis Enrique,4-3-3,
602,2015-08-11,Sevilla,Luis Enrique,4-3-3,
603,2015-08-14,Athletic_Club,Luis Enrique,Desconocida,
604,2015-08-17,Athletic_Club,Ernesto Valverde,Desconocida,
605,2015-08-23,Athletic_Club,Luis Enrique,4-3-3,
606,2015-08-29,Málaga,Luis Enrique,4-3-3,
607,2015-09-12,Atlético_Madrid,Luis Enrique,4-3-3,
608,2015-09-16,Roma,Luis Enrique,4-3-3,
609,2015-09-20,Levante,Luis Enrique,4-3-3,
60,2004-11-06,Dep_La_Coruña,Frank Rijkaard,Desconocida,
610,2015-09-23,Celta_Vigo,Luis Enrique,4-3-3,
611,2015-09-26,Las_Palmas,Luis Enrique,4-3-3,
612,2015-09-29,Leverkusen,Luis Enrique,4-3-3,
613,2015-10-03,Sevilla,Luis Enrique,4-3-3,
614,2015-10-17,Rayo_Vallecano,Luis Enrique,4-3-3,
615,2015-10-20,BATE_Borisov,Luis Enrique,4-3-3,
616,2015-10-25,Eibar,Luis Enrique,4-3-3,
617,2015-10-28,Villanovense,Luis Enrique,Desconocida,
618,2015-10-31,Getafe,Luis Enrique,4-3-3,
619,2015-11-04,BATE_Borisov,Luis Enrique,4-1-4-1,
61,2004-11-14,Real_Betis,Frank Rijkaard,Desconocida,
620,2015-11-08,Villarreal,Luis Enrique,4-3-3,
621,2015-11-21,Real_Madrid,Luis Enrique,4-3-3,
622,2015-11-24,Roma,Luis Enrique,4-3-3,
623,2015-11-28,Real_Sociedad,Luis Enrique,4-3-3,
624,2015-12-02,Villanovense,Luis Enrique,Desconocida,
625,2015-12-05,Valencia,Luis Enrique,4-3-3,
626,2015-12-09,Leverkusen,Luis Enrique,4-3-3,
627,2015-12-12,Dep_La_Coruña,Luis Enrique,4-3-3,
628,2015-12-30,Real_Betis,Luis Enrique,4-3-3,
629,2016-01-02,Espanyol,Luis Enrique,4-3-3,
62,2004-11-20,Real_Madrid,Frank Rijkaard,Desconocida,
630,2016-01-06,Espanyol,Luis Enrique,Desconocida,
631,2016-01-09,Granada,Luis Enrique,4-3-3,
632,2016-01-13,Espanyol,Luis Enrique,Desconocida,
633,2016-01-17,Athletic_Club,Ernesto Valverde,4-3-3,
634,2016-01-20,Athletic_Club,Luis Enrique,Desconocida,
635,2016-01-23,Málaga,Luis Enrique,4-3-3,
636,2016-01-27,Athletic_Club,Ernesto Valverde,Desconocida,
637,2016-01-30,Atlético_Madrid,Luis Enrique,4-3-3,
638,2016-02-03,Valencia,Luis Enrique,Desconocida,
639,2016-02-07,Levante,Luis Enrique,4-3-3,
63,2004-11-24,Celtic,Frank Rijkaard,Desconocida,
640,2016-02-10,Valencia,Luis Enrique,Desconocida,
641,2016-02-14,Celta_Vigo,Luis Enrique,4-3-3,
642,2016-02-17,Sporting_Gijón,Luis Enrique,4-3-3,
643,2016-02-20,Las_Palmas,Luis Enrique,4-3-3,
644,2016-02-23,Arsenal,Luis Enrique,4-3-3,
645,2016-02-28,Sevilla,Luis Enrique,4-3-3,
646,2016-03-03,Rayo_Vallecano,Luis Enrique,4-3-3,
647,2016-03-06,Eibar,Luis Enrique,4-3-3,
648,2016-03-12,Getafe,Luis Enrique,4-3-3,
649,2016-03-16,Arsenal,Luis Enrique,4-3-3,
64,2004-11-27,Getafe,Frank Rijkaard,Desconocida,
650,2016-03-20,Villarreal,Luis Enrique,4-3-3,
651,2016-04-02,Real_Madrid,Luis Enrique,4-3-3,
652,2016-04-05,Atlético_Madrid,Luis Enrique,4-3-3,
653,2016-04-09,Real_Sociedad,Luis Enrique,4-3-3,
654,2016-04-13,Atlético_Madrid,Luis Enrique,4-3-3,
655,2016-04-17,Valencia,Luis Enrique,4-3-3,
656,2016-04-20,Dep_La_Coruña,Luis Enrique,4-3-3,
657,2016-04-23,Sporting_Gijón,Luis Enrique,4-3-3,
658,2016-04-30,Real_Betis,Luis Enrique,4-3-3,
659,2016-05-08,Espanyol,Luis Enrique,4-3-3,
660,2016-05-14,Granada,Luis Enrique,4-3-3,
661,2016-05-22,Sevilla,Luis Enrique,Desconocida,
662,2016-08-14,Sevilla,Luis Enrique,4-3-3,
663,2016-08-17,Sevilla,Luis Enrique,4-3-3,
664,2016-08-20,Real_Betis,Luis Enrique,4-3-3,
665,2016-08-28,Athletic_Club,Luis Enrique,4-3-3,
666,2016-09-10,Alavés,Luis Enrique,4-3-3,
667,2016-09-13,Celtic,Luis Enrique,4-3-3,
668,2016-09-17,Leganés,Luis Enrique,3-4-3,
669,2016-09-21,Atlético_Madrid,Luis Enrique,4-3-3,
66,2004-12-07,Shakhtar_Donetsk,Frank Rijkaard,Desconocida,
670,2016-09-24,Sporting_Gijón,Luis Enrique,4-3-3,
671,2016-09-28,Gladbach,Luis Enrique,4-1-4-1,
672,2016-10-02,Celta_Vigo,Luis Enrique,4-3-3,
673,2016-10-15,Dep_La_Coruña,Luis Enrique,4-3-3,
674,2016-10-19,Manchester_City,Pep Guardiola,4-3-3,
675,2016-10-22,Valencia,Luis Enrique,4-3-3,
676,2016-10-29,Granada,Luis Enrique,4-3-3,
677,2016-11-01,Manchester_City,Luis Enrique,4-3-3,
678,2016-11-06,Sevilla,Luis Enrique,4-3-3,
679,2016-11-19,Málaga,Luis Enrique,4-3-3,
680,2016-11-23,Celtic,Luis Enrique,4-3-3,
681,2016-11-27,Real_Sociedad,Luis Enrique,4-3-3,
682,2016-11-30,Hércules,Luis Enrique,Desconocida,
683,2016-12-03,Real_Madrid,Luis Enrique,4-3-3,
684,2016-12-06,Gladbach,Luis Enrique,4-3-3,
685,2016-12-10,Osasuna,Luis Enrique,4-3-3,
686,2016-12-18,Espanyol,Luis Enrique,4-3-3,
687,2016-12-21,Hércules,Luis Enrique,Desconocida,
688,2017-01-05,Athletic_Club,Luis Enrique,Desconocida,
689,2017-01-08,Villarreal,Luis Enrique,4-3-3,
68,2004-12-18,Valencia,Frank Rijkaard,Desconocida,
690,2017-01-11,Athletic_Club,Ernesto Valverde,Desconocida,
691,2017-01-14,Las_Palmas,Quique Setién,4-3-3,
692,2017-01-19,Real_Sociedad,Luis Enrique,Desconocida,
693,2017-01-22,Eibar,Luis Enrique,4-3-3,
694,2017-01-26,Real_Sociedad,Luis Enrique,Desconocida,
695,2017-01-29,Real_Betis,Luis Enrique,4-3-3,
696,2017-02-01,Atlético_Madrid,Luis Enrique,Desconocida,
697,2017-02-04,Athletic_Club,Ernesto Valverde,4-3-3,
698,2017-02-07,Atlético_Madrid,Luis Enrique,Desconocida,
699,2017-02-11,Alavés,Luis Enrique,4-3-3,
6,2003-09-28,Atlético_Madrid,Frank Rijkaard,Desconocida,
700,2017-02-14,Paris_Saint-Germain,Luis Enrique,4-3-3,
701,2017-02-19,Leganés,Luis Enrique,4-3-3,
702,2017-02-26,Atlético_Madrid,Luis Enrique,4-3-3,
703,2017-03-01,Sporting_Gijón,Luis Enrique,4-3-3,
704,2017-03-04,Celta_Vigo,Luis Enrique,4-3-3,
705,2017-03-08,Paris_Saint-Germain,Luis Enrique,3-4-3,
706,2017-03-12,Dep_La_Coruña,Luis Enrique,3-4-3,
707,2017-03-19,Valencia,Luis Enrique,3-4-3,
708,2017-04-02,Granada,Luis Enrique,4-1-4-1,
709,2017-04-05,Sevilla,Luis Enrique,3-4-3,
70,2005-01-09,Villarreal,Frank Rijkaard,Desconocida,
710,2017-04-08,Málaga,Luis Enrique,4-3-3,
711,2017-04-11,Juventus,Luis Enrique,4-3-3,
712,2017-04-15,Real_Sociedad,Luis Enrique,4-4-2,
713,2017-04-19,Juventus,Luis Enrique,4-3-3,
714,2017-04-23,Real_Madrid,Luis Enrique,4-3-1-2,
715,2017-04-26,Osasuna,Luis Enrique,3-1-4-2,
716,2017-04-29,Espanyol,Luis Enrique,4-3-3,
717,2017-05-06,Villarreal,Luis Enrique,4-3-3,
718,2017-05-14,Las_Palmas,Luis Enrique,4-3-3,
719,2017-05-21,Eibar,Luis Enrique,4-3-3,
71,2005-01-16,Real_Sociedad,Frank Rijkaard,Desconocida,
720,2017-05-27,Alavés,Luis Enrique,Desconocida,
721,2017-08-13,Real_Madrid,Ernesto Valverde,4-3-3,
722,2017-08-16,Real_Madrid,Ernesto Valverde,3-5-2,
723,2017-08-20,Real_Betis,Quique Setién,4-4-1-1,
724,2017-08-26,Alavés,Ernesto Valverde,4-3-3,
725,2017-09-09,Espanyol,Ernesto Valverde,4-4-2,
726,2017-09-12,Juventus,Ernesto Valverde,4-3-3,
727,2017-09-16,Getafe,Ernesto Valverde,4-3-3,
728,2017-09-19,Eibar,Ernesto Valverde,4-3-3,
729,2017-09-23,Girona,Ernesto Valverde,4-4-2,
72,2005-01-22,Racing_Sant,Frank Rijkaard,Desconocida,
730,2017-09-27,Sporting_CP,Ernesto Valverde,4-4-2,
731,2017-10-01,Las_Palmas,Ernesto Valverde,4-4-2,
732,2017-10-14,Atlético_Madrid,Ernesto Valverde,4-4-2,
733,2017-10-18,Olympiacos,Ernesto Valverde,4-3-3,
734,2017-10-21,Málaga,Ernesto Valverde,4-4-2,
735,2017-10-24,Real_Murcia,Ernesto Valverde,Desconocida,
736,2017-10-28,Athletic_Club,Ernesto Valverde,4-4-2,
737,2017-10-31,Olympiacos,Ernesto Valverde,4-4-2,
738,2017-11-04,Sevilla,Ernesto Valverde,4-4-2,
739,2017-11-18,Leganés,Ernesto Valverde,4-4-2,
73,2005-01-29,Sevilla,Frank Rijkaard,Desconocida,
740,2017-11-22,Juventus,Ernesto Valverde,4-2-3-1,
741,2017-11-26,Valencia,Ernesto Valverde,4-4-2,
742,2017-11-29,Real_Murcia,Ernesto Valverde,Desconocida,
743,2017-12-02,Celta_Vigo,Ernesto Valverde,4-4-2,
744,2017-12-05,Sporting_CP,Ernesto Valverde,4-3-3,
745,2017-12-10,Villarreal,Ernesto Valverde,4-4-2,
746,2017-12-17,Dep_La_Coruña,Ernesto Valverde,4-4-2,
747,2017-12-23,Real_Madrid,Ernesto Valverde,4-4-2,
748,2018-01-04,Celta_Vigo,Ernesto Valverde,Desconocida,
749,2018-01-07,Levante,Ernesto Valverde,4-4-2,
74,2005-02-06,Atlético_Madrid,Frank Rijkaard,Desconocida,
750,2018-01-11,Celta_Vigo,Ernesto Valverde,Desconocida,
751,2018-01-14,Real_Sociedad,Ernesto Valverde,4-4-2,
752,2018-01-17,Espanyol,Ernesto Valverde,Desconocida,
753,2018-01-21,Real_Betis,Ernesto Valverde,4-4-2,
754,2018-01-25,Espanyol,Ernesto Valverde,Desconocida,
755,2018-01-28,Alavés,Ernesto Valverde,4-4-2,
756,2018-02-01,Valencia,Ernesto Valverde,Desconocida,
757,2018-02-04,Espanyol,Ernesto Valverde,4-3-3,
758,2018-02-08,Valencia,Ernesto Valverde,Desconocida,
759,2018-02-11,Getafe,Ernesto Valverde,4-4-2,
75,2005-02-12,Zaragoza,Frank Rijkaard,Desconocida,
760,2018-02-17,Eibar,Ernesto Valverde,4-4-2,
761,2018-02-20,Chelsea,Ernesto Valverde,4-4-2,
762,2018-02-24,Girona,Ernesto Valverde,4-4-2,
763,2018-03-01,Las_Palmas,Ernesto Valverde,4-4-2,
764,2018-03-04,Atlético_Madrid,Ernesto Valverde,4-4-2,
765,2018-03-10,Málaga,Ernesto Valverde,4-3-3,
766,2018-03-14,Chelsea,Ernesto Valverde,4-4-2,
767,2018-03-18,Athletic_Club,Ernesto Valverde,4-4-2,
768,2018-03-31,Sevilla,Ernesto Valverde,4-3-3,
769,2018-04-04,Roma,Ernesto Valverde,4-4-2,
76,2005-02-19,Mallorca,Frank Rijkaard,Desconocida,
770,2018-04-07,Leganés,Ernesto Valverde,4-2-3-1,
771,2018-04-10,Roma,Ernesto Valverde,4-4-2,
772,2018-04-14,Valencia,Ernesto Valverde,4-4-2,
773,2018-04-17,Celta_Vigo,Ernesto Valverde,4-2-3-1,
774,2018-04-21,Sevilla,Ernesto Valverde,Desconocida,
775,2018-04-29,Dep_La_Coruña,Ernesto Valverde,4-3-3,
776,2018-05-06,Real_Madrid,Ernesto Valverde,4-4-2,
777,2018-05-09,Villarreal,Ernesto Valverde,4-3-3,
778,2018-05-13,Levante,Ernesto Valverde,4-2-3-1,
779,2018-05-20,Real_Sociedad,Ernesto Valverde,4-3-3,
77,2005-02-23,Chelsea,Frank Rijkaard,Desconocida,
780,2018-08-12,Sevilla,Ernesto Valverde,4-3-3,
781,2018-08-18,Alavés,Ernesto Valverde,4-4-2,
782,2018-08-25,Valladolid,Ernesto Valverde,4-3-3,
783,2018-09-02,Huesca,Ernesto Valverde,4-3-3,
784,2018-09-15,Real_Sociedad,Ernesto Valverde,4-3-3,
785,2018-09-18,PSV,Ernesto Valverde,4-3-3,
786,2018-09-23,Girona,Ernesto Valverde,4-3-3,
787,2018-09-26,Leganés,Ernesto Valverde,4-3-3,
788,2018-09-29,Athletic_Club,Ernesto Valverde,4-3-3,
789,2018-10-03,Tottenham_Hotspur,Ernesto Valverde,4-3-3,
78,2005-02-26,Numancia,Frank Rijkaard,Desconocida,
790,2018-10-07,Valencia,Ernesto Valverde,4-3-3,
791,2018-10-20,Sevilla,Ernesto Valverde,4-3-3,
792,2018-10-24,Inter,Ernesto Valverde,4-3-3,
793,2018-10-28,Real_Madrid,Ernesto Valverde,4-3-3,
794,2018-10-31,Cultural_Leonesa,Ernesto Valverde,4-3-3,
795,2018-11-03,Rayo_Vallecano,Ernesto Valverde,4-3-3,
796,2018-11-06,Inter,Ernesto Valverde,4-3-3,
797,2018-11-11,Real_Betis,Quique Setién,4-3-3,
798,2018-11-24,Atlético_Madrid,Ernesto Valverde,4-4-2,
799,2018-11-28,PSV,Ernesto Valverde,4-3-3,
79,2005-03-01,Espanyol,Frank Rijkaard,Desconocida,
7,2003-10-05,Valencia,Frank Rijkaard,Desconocida,
800,2018-12-02,Villarreal,Ernesto Valverde,4-1-4-1,
801,2018-12-05,Cultural_Leonesa,Ernesto Valverde,4-3-3,
802,2018-12-08,Espanyol,Ernesto Valverde,4-3-3,
803,2018-12-11,Tottenham_Hotspur,Ernesto Valverde,4-3-3,
804,2018-12-16,Levante,Ernesto Valverde,3-5-2,
805,2018-12-22,Celta_Vigo,Ernesto Valverde,4-3-3,
806,2019-01-06,Getafe,Ernesto Valverde,4-3-3,
807,2019-01-10,Levante,Ernesto Valverde,3-4-3,
808,2019-01-13,Eibar,Ernesto Valverde,4-3-3,
809,2019-01-17,Levante,Ernesto Valverde,4-3-3,
80,2005-03-05,Osasuna,Frank Rijkaard,Desconocida,
810,2019-01-20,Leganés,Ernesto Valverde,4-3-3,
811,2019-01-23,Sevilla,Ernesto Valverde,4-3-3,
812,2019-01-27,Girona,Ernesto Valverde,4-3-3,
813,2019-01-30,Sevilla,Ernesto Valverde,4-3-3,
814,2019-02-02,Valencia,Ernesto Valverde,4-3-3,
815,2019-02-06,Real_Madrid,Ernesto Valverde,4-3-3,
816,2019-02-10,Athletic_Club,Ernesto Valverde,4-3-3,
817,2019-02-16,Valladolid,Sergio,4-3-3,
818,2019-02-19,Lyon,Ernesto Valverde,4-3-3,
819,2019-02-23,Sevilla,Ernesto Valverde,4-3-3,
81,2005-03-08,Chelsea,Frank Rijkaard,Desconocida,
820,2019-02-27,Real_Madrid,Ernesto Valverde,4-4-2,
821,2019-03-02,Real_Madrid,Ernesto Valverde,4-3-3,
822,2019-03-09,Rayo_Vallecano,Ernesto Valverde,4-3-3,
823,2019-03-13,Lyon,Ernesto Valverde,4-3-3,
824,2019-03-17,Real_Betis,Ernesto Valverde,4-4-2,
825,2019-03-30,Espanyol,Ernesto Valverde,4-3-3,
826,2019-04-02,Villarreal,Ernesto Valverde,4-3-3,
827,2019-04-06,Atlético_Madrid,Ernesto Valverde,4-3-3,
828,2019-04-10,Manchester_Utd,Ernesto Valverde,4-3-3,
829,2019-04-13,Huesca,Ernesto Valverde,3-1-4-2,
82,2005-03-12,Athletic_Club,Ernesto Valverde,Desconocida,
830,2019-04-16,Manchester_Utd,Ernesto Valverde,4-3-3,
831,2019-04-20,Real_Sociedad,Ernesto Valverde,4-3-3,
832,2019-04-23,Alavés,Ernesto Valverde,4-3-3,
833,2019-04-27,Levante,Ernesto Valverde,4-3-3,
834,2019-05-01,Liverpool,Ernesto Valverde,4-3-3,
835,2019-05-04,Celta_Vigo,Ernesto Valverde,4-3-3,
836,2019-05-07,Liverpool,Ernesto Valverde,4-4-2,
837,2019-05-12,Getafe,Ernesto Valverde,4-3-3,
838,2019-05-19,Eibar,Ernesto Valverde,4-3-3,
839,2019-05-25,Valencia,Ernesto Valverde,4-1-4-1,
83,2005-03-19,Dep_La_Coruña,Frank Rijkaard,Desconocida,
840,2019-08-16,Athletic_Club,Ernesto Valverde,4-3-3,
841,2019-08-25,Real_Betis,Ernesto Valverde,4-3-3,
842,2019-08-31,Osasuna,Ernesto Valverde,4-3-3,
843,2019-09-14,Valencia,Ernesto Valverde,4-3-3,
844,2019-09-17,Dortmund,Ernesto Valverde,4-3-3,
845,2019-09-21,Granada,Ernesto Valverde,4-3-3,
846,2019-09-24,Villarreal,Ernesto Valverde,4-3-3,
847,2019-09-28,Getafe,Ernesto Valverde,4-3-3,
848,2019-10-02,Inter,Ernesto Valverde,4-3-3,
849,2019-10-06,Sevilla,Ernesto Valverde,4-3-3,
84,2005-04-03,Real_Betis,Frank Rijkaard,Desconocida,
850,2019-10-19,Eibar,Ernesto Valverde,4-3-3,
851,2019-10-23,Slavia_Prague,Ernesto Valverde,4-3-3,
852,2019-10-29,Valladolid,Sergio,4-3-3,
853,2019-11-02,Levante,Ernesto Valverde,4-3-3,
854,2019-11-05,Slavia_Prague,Ernesto Valverde,4-2-3-1,
855,2019-11-09,Celta_Vigo,Ernesto Valverde,4-3-3,
856,2019-11-23,Leganés,Ernesto Valverde,4-2-3-1,
857,2019-11-27,Dortmund,Ernesto Valverde,4-3-3,
858,2019-12-01,Atlético_Madrid,Ernesto Valverde,4-3-3,
859,2019-12-07,Mallorca,Ernesto Valverde,4-3-3,
85,2005-04-10,Real_Madrid,Frank Rijkaard,Desconocida,
860,2019-12-10,Inter,Ernesto Valverde,3-1-4-2,
861,2019-12-14,Real_Sociedad,Ernesto Valverde,4-3-3,
862,2019-12-18,Real_Madrid,Ernesto Valverde,4-3-3,
863,2019-12-21,Alavés,Ernesto Valverde,4-3-3,
864,2020-01-04,Espanyol,Ernesto Valverde,4-3-3,
865,2020-01-09,Atlético_Madrid,Ernesto Valverde,4-3-3,
866,2020-01-19,Granada,Quique Setién,3-1-4-2,
867,2020-01-22,Ibiza,Quique Setién,3-1-4-2,
868,2020-01-25,Valencia,Quique Setién,3-1-4-2,
869,2020-01-30,Leganés,Quique Setién,4-3-3,
870,2020-02-02,Levante,Quique Setién,4-3-3,
871,2020-02-06,Athletic_Club,Quique Setién,4-3-3,
872,2020-02-09,Real_Betis,Quique Setién,4-4-2,
873,2020-02-15,Getafe,Quique Setién,4-3-3,
874,2020-02-22,Eibar,Quique Setién,4-3-3,
875,2020-02-25,Napoli,Quique Setién,4-3-3,
876,2020-03-01,Real_Madrid,Quique Setién,4-4-2,
877,2020-03-07,Real_Sociedad,Quique Setién,4-3-3,
878,2020-06-13,Mallorca,Quique Setién,4-3-3,
879,2020-06-16,Leganés,Quique Setién,4-3-3,
87,2005-04-24,Málaga,Frank Rijkaard,Desconocida,
880,2020-06-19,Sevilla,Quique Setién,4-4-2,
881,2020-06-23,Athletic_Club,Quique Setién,4-3-3,
882,2020-06-27,Celta_Vigo,Quique Setién,4-3-3,
883,2020-06-30,Atlético_Madrid,Quique Setién,4-3-1-2,
884,2020-07-05,Villarreal,Quique Setién,4-4-2,
885,2020-07-08,Espanyol,Quique Setién,4-3-1-2,
886,2020-07-11,Valladolid,Quique Setién,4-4-2,
887,2020-07-16,Osasuna,Quique Setién,4-3-3,
888,2020-07-19,Alavés,Quique Setién,4-3-3,
889,2020-08-08,Napoli,Quique Setién,4-3-3,
890,2020-08-14,Bayern_Munich,Hansi Flick,4-4-2,
891,2020-09-27,Villarreal,Ronald Koeman,4-2-3-1,
892,2020-10-01,Celta_Vigo,Ronald Koeman,4-2-3-1,
893,2020-10-04,Sevilla,Ronald Koeman,4-2-3-1,
894,2020-10-17,Getafe,Ronald Koeman,4-2-3-1,
895,2020-10-20,Ferencváros,Ronald Koeman,4-2-3-1,
896,2020-10-24,Real_Madrid,Ronald Koeman,4-4-2,
897,2020-10-28,Juventus,Ronald Koeman,4-2-3-1,
898,2020-10-31,Alavés,Ronald Koeman,4-2-3-1,
899,2020-11-04,Dynamo_Kyiv,Ronald Koeman,4-2-3-1,
89,2005-05-08,Valencia,Frank Rijkaard,Desconocida,
8,2003-10-15,FK_Púchov,Frank Rijkaard,Desconocida,
900,2020-11-07,Real_Betis,Ronald Koeman,4-4-2,
901,2020-11-21,Atlético_Madrid,Ronald Koeman,4-2-3-1,
902,2020-11-24,Dynamo_Kyiv,Ronald Koeman,4-2-3-1,
903,2020-11-29,Osasuna,Ronald Koeman,4-3-3,
904,2020-12-02,Ferencváros,Ronald Koeman,4-2-3-1,
905,2020-12-05,Cádiz,Ronald Koeman,4-2-3-1,
906,2020-12-08,Juventus,Ronald Koeman,4-2-3-1,
907,2020-12-13,Levante,Ronald Koeman,4-2-3-1,
908,2020-12-16,Real_Sociedad,Ronald Koeman,4-2-3-1,
909,2020-12-19,Valencia,Ronald Koeman,4-1-4-1,
90,2005-05-14,Levante,Frank Rijkaard,Desconocida,
910,2020-12-22,Valladolid,Ronald Koeman,3-4-3,
911,2020-12-29,Eibar,Ronald Koeman,3-4-3,
912,2021-01-03,Huesca,Ronald Koeman,4-3-3,
913,2021-01-06,Athletic_Club,Ronald Koeman,4-3-3,
914,2021-01-09,Granada,Ronald Koeman,4-3-3,
915,2021-01-13,Real_Sociedad,Ronald Koeman,4-2-3-1,
916,2021-01-17,Athletic_Club,Ronald Koeman,4-3-3,
917,2021-01-21,UE_Cornellà,Ronald Koeman,4-3-3,
918,2021-01-24,Elche,Ronald Koeman,4-3-3,
919,2021-01-27,Rayo_Vallecano,Ronald Koeman,4-3-3,
91,2005-05-22,Villarreal,Frank Rijkaard,Desconocida,
920,2021-01-31,Athletic_Club,Ronald Koeman,4-2-3-1,
921,2021-02-03,Granada,Ronald Koeman,4-3-3,
922,2021-02-07,Real_Betis,Ronald Koeman,4-3-3,
923,2021-02-10,Sevilla,Ronald Koeman,4-3-3,
924,2021-02-13,Alavés,Ronald Koeman,4-3-3,
925,2021-02-16,Paris_Saint-Germain,Ronald Koeman,4-3-3,
926,2021-02-21,Cádiz,Ronald Koeman,4-3-3,
927,2021-02-24,Elche,Ronald Koeman,4-3-3,
928,2021-02-27,Sevilla,Ronald Koeman,3-1-4-2,
929,2021-03-03,Sevilla,Ronald Koeman,3-1-4-2,
92,2005-05-28,Real_Sociedad,Frank Rijkaard,Desconocida,
930,2021-03-06,Osasuna,Ronald Koeman,3-1-4-2,
931,2021-03-10,Paris_Saint-Germain,Ronald Koeman,3-4-1-2,
932,2021-03-15,Huesca,Ronald Koeman,3-4-3,
933,2021-03-21,Real_Sociedad,Ronald Koeman,3-4-3,
934,2021-04-05,Valladolid,Sergio,3-4-3,
935,2021-04-10,Real_Madrid,Ronald Koeman,3-4-3,
936,2021-04-17,Athletic_Club,Ronald Koeman,3-1-4-2,
937,2021-04-22,Getafe,Ronald Koeman,3-5-2,
938,2021-04-25,Villarreal,Ronald Koeman,3-1-4-2,
939,2021-04-29,Granada,Ronald Koeman,3-1-4-2,
93,2005-08-27,Alavés,Frank Rijkaard,Desconocida,
940,2021-05-02,Valencia,Ronald Koeman,3-1-4-2,
941,2021-05-08,Atlético_Madrid,Ronald Koeman,3-1-4-2,
942,2021-05-11,Levante,Ronald Koeman,3-1-4-2,
943,2021-05-16,Celta_Vigo,Ronald Koeman,3-1-4-2,
944,2021-05-22,Eibar,Ronald Koeman,3-4-3,
945,2021-08-15,Real_Sociedad,Ronald Koeman,4-3-3,
946,2021-08-21,Athletic_Club,Ronald Koeman,4-3-3,
947,2021-08-29,Getafe,Ronald Koeman,4-3-3,
948,2021-09-14,Bayern_Munich,Ronald Koeman,3-5-2,
949,2021-09-20,Granada,Ronald Koeman,4-3-3,
94,2005-09-11,Mallorca,Frank Rijkaard,Desconocida,
950,2021-09-23,Cádiz,Ronald Koeman,4-3-3,
951,2021-09-26,Levante,Ronald Koeman,4-3-3,
952,2021-09-29,Benfica,Ronald Koeman,Desconocida,
953,2021-10-02,Atlético_Madrid,Ronald Koeman,4-2-3-1,
954,2021-10-17,Valencia,Ronald Koeman,4-3-3,
955,2021-10-20,Dynamo_Kyiv,Ronald Koeman,4-3-3,
956,2021-10-24,Real_Madrid,Ronald Koeman,4-3-3,
957,2021-10-27,Rayo_Vallecano,Ronald Koeman,4-3-3,
958,2021-10-30,Alavés,Sergi Barjuán,4-3-3,
959,2021-11-02,Dynamo_Kyiv,Sergi Barjuán,4-3-3,
95,2005-09-14,Werder_Bremen,Frank Rijkaard,Desconocida,
960,2021-11-06,Celta_Vigo,Sergi Barjuán,4-3-3,
961,2021-11-20,Espanyol,Xavi,4-3-3,
962,2021-11-23,Benfica,Xavi,4-3-3,
963,2021-11-27,Villarreal,Xavi,4-3-3,
964,2021-12-04,Real_Betis,Xavi,4-3-3,
965,2021-12-08,Bayern_Munich,Xavi,4-3-3,
966,2021-12-12,Osasuna,Xavi,3-3-3-1,
967,2021-12-18,Elche,Xavi,3-4-3,
968,2021-12-21,Sevilla,Xavi,4-3-3,
969,2022-01-02,Mallorca,Xavi,4-3-3,
96,2005-09-18,Atlético_Madrid,Frank Rijkaard,Desconocida,
970,2022-01-05,Linares_Dep,Xavi,3-1-4-2,
971,2022-01-08,Granada,Xavi,4-3-3,
972,2022-01-12,Real_Madrid,Xavi,4-3-3,
973,2022-01-20,Athletic_Club,Xavi,4-3-3,
974,2022-01-23,Alavés,Xavi,4-3-3,
975,2022-02-06,Atlético_Madrid,Xavi,4-3-3,
976,2022-02-13,Espanyol,Xavi,4-3-3,
977,2022-02-17,Napoli,Xavi,4-3-3,
978,2022-02-20,Valencia,Xavi,4-3-3,
979,2022-02-24,Napoli,Xavi,4-3-3,
97,2005-09-21,Valencia,Frank Rijkaard,Desconocida,
980,2022-02-27,Athletic_Club,Xavi,4-3-3,
981,2022-03-06,Elche,Xavi,4-3-3,
982,2022-03-10,Galatasaray,Xavi,4-3-3,
983,2022-03-13,Osasuna,Xavi,4-3-3,
984,2022-03-17,Galatasaray,Xavi,4-1-4-1,
985,2022-03-20,Real_Madrid,Xavi,4-3-3,
986,2022-04-03,Sevilla,Xavi,4-3-3,
987,2022-04-07,Eintracht_Frankfurt,Xavi,4-3-3,
988,2022-04-10,Levante,Xavi,4-3-3,
989,2022-04-14,Eintracht_Frankfurt,Xavi,4-3-3,
98,2005-09-24,Real_Betis,Frank Rijkaard,Desconocida,
990,2022-04-18,Cádiz,Sergio,4-3-3,
991,2022-04-21,Real_Sociedad,Xavi,4-3-3,
992,2022-04-24,Rayo_Vallecano,Xavi,4-3-3,
993,2022-05-01,Mallorca,Xavi,4-3-3,
994,2022-05-07,Real_Betis,Xavi,4-3-3,
995,2022-05-10,Celta_Vigo,Xavi,4-2-3-1,
996,2022-05-15,Getafe,Xavi,4-3-3,
997,2022-05-22,Villarreal,Xavi,4-3-3,
998,2022-08-13,Rayo_Vallecano,Xavi,4-3-3,
999,2022-08-21,Real_Sociedad,Xavi,3-2-4-1,
99,2005-09-27,Udinese,Frank Rijkaard,Desconocida,
9,2003-10-18,Dep_La_Coruña,Frank Rijkaard,Desconocida,
