Jugador;Minutos;Goles;Asistencias;Amarillas;Rojas;Tiros_Totales;Tiros_Puerta;Porcentaje_Tiros_Puerta;Faltas_Cometidas;Faltas_Recibidas;Fueras_Juego;Centros;Intercepciones;Entradas_Ganadas;Penaltis_Provocados;Penaltis_Cometidos;Goles_Propia;Porterias_a_Cero;Porcentaje_Porterias_Cero;Goles_Encajados;Tiros_Puerta_Recibidos;Paradas;Porcentaje_Paradas;temporada
Phillip Cocu;3732;6;2;5;2;;14;;75;;;;;;;;0;;;;;;;2003-2004
Xavi;3644;5;9;3;0;;24;;38;;;;;;;;0;;;;;;;2003-2004
Giovanni van Bronckhorst;3457;0;2;6;0;;8;;80;;;;;;;;0;;;;;;;2003-2004
Víctor Valdés;3364;0;0;4;0;;0;;0;;;;;;;;0;13;39,4;31;147;116;78,9;2003-2004
Ronaldinho;3213;19;5;12;1;;51;;44;;;;;;;;0;;;;;;;2003-2004
Michael Reiziger;2965;0;1;7;0;;2;;45;;;;;;;;0;;;;;;;2003-2004
Carles Puyol;2912;0;0;9;1;;3;;34;;;;;;;;0;;;;;;;2003-2004
Javier Saviola;2721;17;5;5;1;;37;;40;;;;;;;;0;;;;;;;2003-2004
Luis García;2232;7;7;1;0;;10;;22;;;;;;;;0;;;;;;;2003-2004
Oleguer Presas;1918;0;;3;0;;;;;;;;;;;;0;;;;;;;2003-2004
Rafael Márquez;1624;1;0;5;1;;3;;20;;;;;;;;0;;;;;;;2003-2004
Edgar Davids;1468;1;0;6;1;;4;;42;;;;;;;;;;;;;;;2003-2004
Gerard López;1462;1;0;9;1;;5;;27;;;;;;;;0;;;;;;;2003-2004
Patrick Kluivert;1446;10;2;2;0;;18;;24;;;;;;;;0;;;;;;;2003-2004
Gabri García;1430;1;0;7;1;;5;;30;;;;;;;;0;;;;;;;2003-2004
Thiago Motta;1390;2;1;10;4;;4;;32;;;;;;;;0;;;;;;;2003-2004
Luis Enrique;1320;5;2;2;2;;11;;13;;;;;;;;0;;;;;;;2003-2004
Ricardo Quaresma;1224;1;1;6;1;;6;;33;;;;;;;;0;;;;;;;2003-2004
Marc Overmars;1035;1;1;0;0;;8;;5;;;;;;;;0;;;;;;;2003-2004
Rüştü Reçber;596;0;0;0;0;;0;;0;;;;;;;;0;0;0,0;6;20;14;70,0;2003-2004
Andrés Iniesta;562;1;2;0;0;;2;;18;;;;;;;;0;;;;;;;2003-2004
Óscar López;430;0;1;1;0;;0;;8;;;;;;;;0;;;;;;;2003-2004
Sergio García;232;0;1;0;0;;2;;4;;;;;;;;0;;;;;;;2003-2004
Patrik Andersson;208;0;0;0;0;;0;;5;;;;;;;;;;;;;;;2003-2004
Mario;180;0;0;0;0;;0;;1;;;;;;;;0;;;;;;;2003-2004
Albert Jorquera;180;0;0;0;0;;0;;0;;;;;;;;;0;0,0;2;12;10;83,3;2003-2004
Sergio Santamaría;146;0;0;0;0;;0;;2;;;;;;;;;;;;;;;2003-2004
Ramón Ros;6;0;0;0;0;;0;;0;;;;;;;;;;;;;;;2003-2004
Víctor Valdés;3855;0;0;0;1;;0;;0;;;;;;;;;20;46,5;36;185;149;80,5;2004-2005
Carles Puyol;3785;0;1;7;0;;0;;46;;;;;;;;;;;;;;;2004-2005
Xavi;3772;3;7;6;0;;39;;40;;;;;;;;;;;;;;;2004-2005
Ronaldinho;3674;13;10;6;0;;66;;42;;;;;;;;;;;;;;;2004-2005
Samuel Eto'o;3629;28;5;4;0;;80;;42;;;;;;;;;;;;;;;2004-2005
Deco;3577;10;12;13;0;;49;;127;;;;;;;;;;;;;;;2004-2005
Oleguer Presas;3450;1;1;3;0;;6;;55;;;;;;;;;;;;;;;2004-2005
Juliano Belletti;3214;0;5;10;0;;4;;81;;;;;;;;;;;;;;;2004-2005
Rafael Márquez;3159;3;4;9;1;;22;;79;;;;;;;;;;;;;;;2004-2005
Giovanni van Bronckhorst;3019;4;1;10;0;;21;;51;;;;;;;;;;;;;;;2004-2005
Ludovic Giuly;2444;12;4;1;0;;45;;27;;;;;;;;;;;;;;;2004-2005
Andrés Iniesta;1969;2;4;2;0;;22;;33;;;;;;;;;;;;;;;2004-2005
Sylvinho;1141;0;1;3;0;;1;;25;;;;;;;;;;;;;;;2004-2005
Henrik Larsson;715;4;0;1;0;;14;;17;;;;;;;;;;;;;;;2004-2005
Gerard López;488;2;0;2;0;;5;;13;;;;;;;;;;;;;;;2004-2005
Damià Abella;458;0;0;3;0;;0;;12;;;;;;;;;;;;;;;2004-2005
Edmílson;445;0;0;1;0;;1;;10;;;;;;;;;;;;;;;2004-2005
Demetrio Albertini;316;0;0;1;0;;3;;5;;;;;;;;;;;;;;;2004-2005
Fernando Navarro;308;0;0;0;0;;1;;10;;;;;;;;;;;;;;;2004-2005
Thiago Motta;273;0;0;1;0;;0;;5;;;;;;;;;;;;;;;2004-2005
Maxi López;269;1;1;0;0;;4;;10;;;;;;;;;;;;;;;2004-2005
Albert Jorquera;180;0;0;0;0;;0;;0;;;;;;;;;0;0,0;3;12;9;75,0;2004-2005
Lionel Messi;160;1;0;0;0;;4;;1;;;;;;;;;;;;;;;2004-2005
Rubén;105;0;0;0;0;;0;;0;;;;;;;;;1;100,0;1;11;10;90,9;2004-2005
Joan Verdú;90;0;0;0;0;;0;;2;;;;;;;;;;;;;;;2004-2005
Gabri García;57;0;0;0;0;;0;;6;;;;;;;;;;;;;;;2004-2005
Javito;45;0;0;0;0;;0;;1;;;;;;;;;;;;;;;2004-2005
Sergio Rodríguez;45;0;0;0;0;;0;;0;;;;;;;;;;;;;;;2004-2005
Rodri;3;0;;0;0;;;;;;;;;;;;0;;;;;;;2004-2005
Víctor Valdés;4230;0;0;3;0;;0;;0;;;;;;;;;24;51,1;34;163;129;79,1;2005-2006
Carles Puyol;4213;1;0;11;1;;3;;51;;;;;;;;;;;;;;;2005-2006
Samuel Eto'o;3993;32;5;2;0;;107;;51;;;;;;;;;;;;;;;2005-2006
Oleguer Presas;3679;0;0;3;0;;6;;59;;;;;;;;;;;;;;;2005-2006
Ronaldinho;3601;24;18;5;0;;76;;46;;;;;;;;;;;;;;;2005-2006
Deco;3342;5;7;10;1;;24;;84;;;;;;;;;;;;;;;2005-2006
Edmílson;2829;0;2;11;1;;2;;70;;;;;;;;;;;;;;;2005-2006
Rafael Márquez;2680;0;0;9;0;;7;;45;;;;;;;;;;;;;;;2005-2006
Giovanni van Bronckhorst;2540;0;3;3;0;;9;;73;;;;;;;;;;;;;;;2005-2006
Juliano Belletti;2353;1;1;10;0;;8;;62;;;;;;;;;;;;;;;2005-2006
Ludovic Giuly;2218;6;6;1;0;;34;;24;;;;;;;;;;;;;;;2005-2006
Andrés Iniesta;2181;1;6;5;0;;11;;37;;;;;;;;;;;;;;;2005-2006
Mark van Bommel;2068;3;2;6;0;;20;;31;;;;;;;;;;;;;;;2005-2006
Sylvinho;2046;2;4;5;0;;4;;34;;;;;;;;;;;;;;;2005-2006
Henrik Larsson;1905;11;4;1;0;;30;;27;;;;;;;;;;;;;;;2005-2006
Xavi;1528;0;1;1;0;;4;;21;;;;;;;;;;;;;;;2005-2006
Thiago Motta;1334;1;1;4;1;;4;;31;;;;;;;;;;;;;;;2005-2006
Lionel Messi;1233;7;4;2;0;;32;;25;;;;;;;;;;;;;;;2005-2006
Gabri García;639;1;0;1;1;;2;;15;;;;;;;;;;;;;;;2005-2006
Santiago Ezquerro;632;3;0;0;0;;9;;7;;;;;;;;;;;;;;;2005-2006
Albert Jorquera;360;0;0;0;0;;0;;0;;;;;;;;;2;50,0;6;20;14;70,0;2005-2006
Maxi López;274;0;1;0;0;;0;;4;;;;;;;;;;;;;;;2005-2006
Rodri;254;0;0;0;0;;0;;3;;;;;;;;;;;;;;;2005-2006
Ludovic Sylvestre;107;0;;0;0;;;;;;;;;;;;0;;;;;;;2005-2006
Jesús Olmo;90;0;;1;0;;;;;;;;;;;;0;;;;;;;2005-2006
Andrea Orlandi;73;0;;0;0;;;;;;;;;;;;0;;;;;;;2005-2006
Pitu;29;0;;0;0;;;;;;;;;;;;0;;;;;;;2005-2006
Paco Montañés;21;0;;0;0;;;;;;;;;;;;0;;;;;;;2005-2006
Francisco Martos;17;0;;0;0;;;;;;;;;;;;0;;;;;;;2005-2006
Ramón Masó;10;0;;0;0;;;;;;;;;;;;0;;;;;;;2005-2006
Víctor Valdés;4140;0;0;2;0;;0;;0;;;;;;;;;19;41,3;39;159;120;75,5;2006-2007
Carles Puyol;3732;3;0;4;0;;5;;48;;;;;;;;;;;;;;;2006-2007
Ronaldinho;3453;23;10;8;1;;63;;43;;;;;;;;;;;;;;;2006-2007
Xavi;3261;3;4;4;0;;20;;31;;;;;;;;;;;;;;;2006-2007
Deco;3193;3;12;15;1;;30;;68;;;;;;;;;;;;;;;2006-2007
Andrés Iniesta;3178;8;3;4;0;;16;;33;;;;;;;;;;;;;;;2006-2007
Gianluca Zambrotta;2770;3;3;11;1;;6;;54;;;;;;;;;;;;;;;2006-2007
Lionel Messi;2368;15;3;3;0;;36;;40;;;;;;;;;;;;;;;2006-2007
Rafael Márquez;2233;1;0;7;0;;7;;40;;;;;;;;;;;;;;;2006-2007
Lilian Thuram;2223;0;0;3;0;;0;;33;;;;;;;;;;;;;;;2006-2007
Giovanni van Bronckhorst;2102;0;2;4;0;;5;;51;;;;;;;;;;;;;;;2006-2007
Edmílson;1932;0;0;6;0;;4;;45;;;;;;;;;;;;;;;2006-2007
Ludovic Giuly;1836;5;3;0;1;;22;;20;;;;;;;;;;;;;;;2006-2007
Samuel Eto'o;1693;12;10;4;0;;43;;29;;;;;;;;;;;;;;;2006-2007
Eiður Guðjohnsen;1566;8;2;2;0;;18;;23;;;;;;;;;;;;;;;2006-2007
Oleguer Presas;1471;0;0;4;1;;0;;16;;;;;;;;;;;;;;;2006-2007
Sylvinho;1149;0;2;3;1;;2;;14;;;;;;;;;;;;;;;2006-2007
Thiago Motta;1009;0;0;6;1;;3;;33;;;;;;;;;;;;;;;2006-2007
Juliano Belletti;988;0;1;3;0;;3;;17;;;;;;;;;;;;;;;2006-2007
Javier Saviola;760;5;0;2;0;;12;;9;;;;;;;;;;;;;;;2006-2007
Santiago Ezquerro;288;1;0;0;0;;6;;4;;;;;;;;;;;;;;;2006-2007
Jesús Olmo;3;0;;0;0;;;;;;;;;;;;0;;;;;;;2006-2007
Víctor Valdés;4140;0;0;2;0;;0;;0;;;;;;;;;22;47,8;40;168;128;76,2;2007-2008
Xavi;3882;8;6;6;1;;23;;26;;;;;;;;;;;;;;;2007-2008
Andrés Iniesta;3428;4;3;6;0;;29;;47;;;;;;;;;;;;;;;2007-2008
Éric Abidal;3423;0;0;3;0;;1;;58;;;;;;;;;;;;;;;2007-2008
Carles Puyol;3375;1;0;11;0;;4;;43;;;;;;;;;;;;;;;2007-2008
Thierry Henry;3051;15;9;3;0;;48;;47;;;;;;;;;;;;;;;2007-2008
Gabriel Milito;3031;1;0;9;1;;6;;59;;;;;;;;;;;;;;;2007-2008
Yaya Touré;2846;2;0;10;0;;7;;65;;;;;;;;;;;;;;;2007-2008
Gianluca Zambrotta;2730;0;0;8;1;;2;;56;;;;;;;;;;;;;;;2007-2008
Lionel Messi;2701;16;14;4;0;;53;;37;;;;;;;;;;;;;;;2007-2008
Samuel Eto'o;1998;17;3;5;0;;40;;22;;;;;;;;;;;;;;;2007-2008
Lilian Thuram;1963;0;0;3;0;;0;;24;;;;;;;;;;;;;;;2007-2008
Rafael Márquez;1929;2;0;10;1;;5;;39;;;;;;;;;;;;;;;2007-2008
Bojan Krkić;1809;11;4;1;0;;26;;23;;;;;;;;;;;;;;;2007-2008
Ronaldinho;1754;9;3;0;0;;32;;15;;;;;;;;;;;;;;;2007-2008
Deco;1724;1;6;12;0;;15;;46;;;;;;;;;;;;;;;2007-2008
Giovani dos Santos;1391;4;3;3;0;;19;;33;;;;;;;;;;;;;;;2007-2008
Eiður Guðjohnsen;1236;2;1;2;0;;10;;14;;;;;;;;;;;;;;;2007-2008
Sylvinho;1179;0;2;1;0;;1;;11;;;;;;;;;;;;;;;2007-2008
Oleguer Presas;833;0;0;1;0;;0;;10;;;;;;;;;;;;;;;2007-2008
Dani Alves;750;2;2;2;0;;3;;18;;;;;;;;;;;;;;;2007-2008
Edmílson;471;0;0;4;1;;0;;12;;;;;;;;;;;;;;;2007-2008
José Manuel Pinto;270;0;0;0;0;;0;;0;;;;;;;;;0;0,0;8;18;10;55,6;2007-2008
Santiago Ezquerro;111;0;0;0;0;;1;;2;;;;;;;;;;;;;;;2007-2008
Albert Jorquera;90;0;0;0;0;;0;;0;;;;;;;;;0;0,0;1;6;5;83,3;2007-2008
Fali;21;0;0;1;0;;0;;1;;;;;;;;;;;;;;;2007-2008
Marc Crosas;20;0;0;0;0;;0;;1;;;;;;;;;;;;;;;2007-2008
Pedro;19;0;0;0;0;;0;;0;;;;;;;;;;;;;;;2007-2008
José Manuel Rueda;17;0;;0;0;;;;;;;;;;;;0;;;;;;;2007-2008
Víctor Vázquez;14;0;0;0;0;;0;;0;;;;;;;;;;;;;;;2007-2008
Víctor Sánchez;2;0;;0;0;;;;;;;;;;;;0;;;;;;;2007-2008
Víctor Valdés;4230;0;0;3;0;;0;;0;;;;;;;;;19;40,4;41;141;100;70,9;2008-2009
Xavi;3945;8;25;5;0;;19;;30;;;;;;;;;;;;;;;2008-2009
Dani Alves;3825;5;12;13;0;;17;;108;;;;;;;;;;;;;;;2008-2009
Samuel Eto'o;3709;34;6;10;0;;77;;37;;;;;;;;;;;;;;;2008-2009
Lionel Messi;3443;32;16;3;0;;68;;35;;;;;;;;;;;;;;;2008-2009
Gerard Piqué;3285;2;0;10;2;;9;;43;;;;;;;;;;;;;;;2008-2009
Carles Puyol;3141;1;2;7;0;;4;;31;;;;;;;;;;;;;;;2008-2009
Thierry Henry;2814;24;10;4;0;;79;;46;;;;;;;;;;;;;;;2008-2009
Andrés Iniesta;2763;5;7;5;0;;20;;24;;;;;;;;;;;;;;;2008-2009
Yaya Touré;2726;2;0;5;0;;4;;40;;;;;;;;;;;;;;;2008-2009
Rafael Márquez;2722;2;2;10;1;;5;;24;;;;;;;;;;;;;;;2008-2009
Éric Abidal;2362;0;0;5;2;;0;;28;;;;;;;;;;;;;;;2008-2009
Sergio Busquets;2156;3;1;11;0;;5;;60;;;;;;;;;;;;;;;2008-2009
Seydou Keita;2029;6;1;1;1;;19;;48;;;;;;;;;;;;;;;2008-2009
Sylvinho;1330;1;0;0;0;;4;;4;;;;;;;;;;;;;;;2008-2009
Eiður Guðjohnsen;1149;3;3;2;0;;4;;15;;;;;;;;;;;;;;;2008-2009
Alexander Hleb;1106;0;3;0;0;;6;;22;;;;;;;;;;;;;;;2008-2009
Bojan Krkić;1053;5;5;4;0;;23;;9;;;;;;;;;;;;;;;2008-2009
Martín Cáceres;1000;0;0;0;0;;0;;9;;;;;;;;;;;;;;;2008-2009
Pedro;481;0;0;0;0;;5;;5;;;;;;;;;;;;;;;2008-2009
Víctor Sánchez;423;0;0;0;0;;0;;8;;;;;;;;;;;;;;;2008-2009
José Manuel Pinto;180;0;0;0;0;;0;;0;;;;;;;;;0;0,0;2;10;8;80,0;2008-2009
Xavi Torres;180;0;0;1;0;;0;;6;;;;;;;;;;;;;;;2008-2009
Oier Olazábal;90;0;0;0;0;;0;;0;;;;;;;;;0;0,0;2;7;5;71,4;2008-2009
Víctor Vázquez;90;0;0;0;0;;2;;1;;;;;;;;;;;;;;;2008-2009
Albert Jorquera;90;0;0;0;0;;0;;0;;;;;;;;;0;0,0;3;4;1;25,0;2008-2009
Marc Muniesa;31;0;0;0;1;;0;;1;;;;;;;;;;;;;;;2008-2009
Jeffrén Suárez;30;0;0;0;0;;1;;0;;;;;;;;;;;;;;;2008-2009
Alberto Botía;28;0;0;0;0;;0;;0;;;;;;;;;;;;;;;2008-2009
Thiago Alcántara;18;0;0;0;0;;0;;1;;;;;;;;;;;;;;;2008-2009
Abraham González;15;0;0;0;0;;0;;0;;;;;;;;;;;;;;;2008-2009
Víctor Valdés;4500;0;0;1;0;;0;;0;;;;;;;;;26;52,0;34;148;114;77,0;2009-2010
Lionel Messi;3792;42;9;3;0;;134;;40;;;;;;;;;;;;;;;2009-2010
Xavi;3787;4;16;5;0;;29;;15;;;;;;;;;;;;;;;2009-2010
Gerard Piqué;3529;4;1;10;0;;9;;30;;;;;;;;;;;;;;;2009-2010
Carles Puyol;3516;1;1;10;1;;2;;27;;;;;;;;;;;;;;;2009-2010
Dani Alves;3482;3;10;10;1;;10;;89;;;;;;;;;;;;;;;2009-2010
Sergio Busquets;3016;0;1;10;1;;3;;62;;;;;;;;;;;;;;;2009-2010
Seydou Keita;2909;6;3;7;0;;17;;89;;;;;;;;;;;;;;;2009-2010
Zlatan Ibrahimović;2801;20;8;6;1;;78;;82;;;;;;;;;;;;;;;2009-2010
Pedro;2737;16;3;4;0;;39;;48;;;;;;;;;;;;;;;2009-2010
Maxwell;2605;0;4;4;0;;4;;29;;;;;;;;;;;;;;;2009-2010
Andrés Iniesta;2496;1;4;3;0;;13;;28;;;;;;;;;;;;;;;2009-2010
Yaya Touré;2090;1;5;4;0;;6;;41;;;;;;;;;;;;;;;2009-2010
Éric Abidal;2030;0;3;3;0;;1;;27;;;;;;;;;;;;;;;2009-2010
Thierry Henry;1525;4;2;2;0;;23;;21;;;;;;;;;;;;;;;2009-2010
Bojan Krkić;1137;9;2;2;0;;19;;11;;;;;;;;;;;;;;;2009-2010
Rafael Márquez;1002;1;0;3;1;;4;;9;;;;;;;;;;;;;;;2009-2010
Gabriel Milito;965;0;0;2;0;;1;;15;;;;;;;;;;;;;;;2009-2010
Dmytro Chygrynskiy;876;0;0;2;0;;0;;11;;;;;;;;;;;;;;;2009-2010
Jeffrén Suárez;434;2;0;1;0;;3;;7;;;;;;;;;;;;;;;2009-2010
Jonathan dos Santos;115;0;0;0;0;;0;;3;;;;;;;;;;;;;;;2009-2010
Marc Bartra;30;0;0;0;0;;0;;0;;;;;;;;;;;;;;;2009-2010
Thiago Alcántara;15;1;0;0;0;;1;;0;;;;;;;;;;;;;;;2009-2010
Andreu Fontàs;6;0;0;0;0;;0;;0;;;;;;;;;;;;;;;2009-2010
Dani Alves;3983;4;16;12;0;;19;;81;;;;;;;;;;;;;;;2010-2011
Lionel Messi;3904;43;22;3;0;;110;;40;;;;;;;;;;;;;;;2010-2011
Víctor Valdés;3870;0;0;8;0;;0;;0;;;;;;;;;20;46,5;25;129;104;80,6;2010-2011
David Villa;3687;22;7;3;1;;73;;44;;;;;;;;;;;;;;;2010-2011
Andrés Iniesta;3684;9;10;4;0;;29;;38;;;;;;;;;;;;;;;2010-2011
Gerard Piqué;3673;4;1;14;1;;10;;38;;;;;;;;;;;;;;;2010-2011
Xavi;3403;5;14;6;0;;19;;12;;;;;;;;;;;;;;;2010-2011
Sergio Busquets;3380;1;5;6;0;;4;;51;;;;;;;;;;;;;;;2010-2011
Pedro;2898;18;10;3;0;;44;;41;;;;;;;;;;;;;;;2010-2011
Éric Abidal;2583;0;1;3;0;;4;;15;;;;;;;;;;;;;;;2010-2011
Javier Mascherano;2422;0;0;7;0;;5;;33;;;;;;;;;;;;;;;2010-2011
Maxwell;2190;0;1;2;0;;3;;9;;;;;;;;;;;;;;;2010-2011
Carles Puyol;2013;1;0;4;0;;2;;19;;;;;;;;;;;;;;;2010-2011
Seydou Keita;1983;4;2;2;0;;9;;46;;;;;;;;;;;;;;;2010-2011
Adriano;1361;0;3;3;0;;7;;19;;;;;;;;;;;;;;;2010-2011
Bojan Krkić;1009;6;2;2;0;;19;;12;;;;;;;;;;;;;;;2010-2011
Ibrahim Afellay;786;1;1;1;0;;11;;5;;;;;;;;;;;;;;;2010-2011
Thiago Alcántara;756;2;1;1;0;;6;;10;;;;;;;;;;;;;;;2010-2011
José Manuel Pinto;720;0;0;0;1;;0;;0;;;;;;;;;4;50,0;5;24;19;79,2;2010-2011
Gabriel Milito;681;0;0;3;0;;1;;5;;;;;;;;;;;;;;;2010-2011
Andreu Fontàs;549;1;0;0;0;;1;;1;;;;;;;;;;;;;;;2010-2011
Jeffrén Suárez;333;1;1;0;0;;6;;7;;;;;;;;;;;;;;;2010-2011
Marc Bartra;180;1;;0;0;;;;;;;;;;;;;;;;;;;2010-2011
Jonathan dos Santos;151;0;0;0;0;;0;;2;;;;;;;;;;;;;;;2010-2011
Sergi Roberto;91;0;0;0;0;;0;;0;;;;;;;;;;;;;;;2010-2011
Víctor Vázquez;77;1;0;0;0;;1;;0;;;;;;;;;;;;;;;2010-2011
Martín Montoya;17;0;0;0;0;;0;;0;;;;;;;;;;;;;;;2010-2011
Nolito;16;0;0;0;0;;1;;1;;;;;;;;;;;;;;;2010-2011
Oriol Romeu;10;0;0;0;0;;0;;0;;;;;;;;;;;;;;;2010-2011
Lionel Messi;4260;64;21;8;0;;151;;41;;;;;;;;;;;;;;;2011-2012
Víctor Valdés;4140;0;0;4;0;;0;;0;;;;;;;;;21;45,7;38;118;80;67,8;2011-2012
Javier Mascherano;3637;0;0;7;0;;2;;37;;;;;;;;;;;;;;;2011-2012
Dani Alves;3528;2;12;13;2;;8;;72;;;;;;;;;;;;;;;2011-2012
Sergio Busquets;3309;2;1;10;0;;5;;38;;;;;;;;;;;;;;;2011-2012
Xavi;2871;11;7;2;0;;24;;8;;;;;;;;;;;;;;;2011-2012
Carles Puyol;2655;3;0;5;0;;6;;31;;;;;;;;;;;;;;;2011-2012
Cesc Fàbregas;2593;10;10;6;0;;34;;36;;;;;;;;;;;;;;;2011-2012
Andrés Iniesta;2425;5;10;4;0;;22;;21;;;;;;;;;;;;;;;2011-2012
Éric Abidal;2256;0;1;1;0;;3;;14;;;;;;;;;;;;;;;2011-2012
Thiago Alcántara;2254;2;3;5;1;;12;;37;;;;;;;;;;;;;;;2011-2012
Adriano;2167;1;5;3;0;;11;;19;;;;;;;;;;;;;;;2011-2012
Pedro;2119;9;3;5;0;;33;;30;;;;;;;;;;;;;;;2011-2012
Alexis Sánchez;2022;14;4;4;0;;32;;26;;;;;;;;;;;;;;;2011-2012
Gerard Piqué;1844;2;1;7;1;;8;;16;;;;;;;;;;;;;;;2011-2012
Seydou Keita;1780;3;3;5;0;;7;;42;;;;;;;;;;;;;;;2011-2012
Isaac Cuenca;1423;2;7;2;0;;8;;14;;;;;;;;;;;;;;;2011-2012
David Villa;1229;8;2;2;0;;24;;10;;;;;;;;;;;;;;;2011-2012
Maxwell;558;0;0;1;0;;2;;4;;;;;;;;;;;;;;;2011-2012
Cristian Tello;541;5;0;1;0;;12;;4;;;;;;;;;;;;;;;2011-2012
Martín Montoya;465;1;1;1;0;;1;;0;;;;;;;;;;;;;;;2011-2012
José Manuel Pinto;360;0;0;0;0;;0;;0;;;;;;;;;3;75,0;1;12;11;91,7;2011-2012
Jonathan dos Santos;178;0;0;0;0;;0;;5;;;;;;;;;;;;;;;2011-2012
Sergi Roberto;170;1;0;1;0;;2;;2;;;;;;;;;;;;;;;2011-2012
Andreu Fontàs;168;0;0;0;0;;0;;1;;;;;;;;;;;;;;;2011-2012
Ibrahim Afellay;122;0;0;0;0;;1;;0;;;;;;;;;;;;;;;2011-2012
Marc Bartra;114;0;0;0;0;;0;;0;;;;;;;;;;;;;;;2011-2012
Rafinha;71;0;0;0;0;;2;;1;;;;;;;;;;;;;;;2011-2012
Marc Muniesa;66;0;0;0;0;;0;;0;;;;;;;;;;;;;;;2011-2012
Gerard Deulofeu;48;0;0;0;0;;0;;0;;;;;;;;;;;;;;;2011-2012
Martí Riverola;10;0;0;0;0;;0;;0;;;;;;;;;;;;;;;2011-2012
Víctor Valdés;3780;0;0;0;0;;0;;0;;;;;;;;;11;26,2;51;133;82;61,7;2012-2013
Lionel Messi;3476;54;13;1;0;;119;;13;;;;;;;;;;;;;;;2012-2013
Jordi Alba;3305;4;5;6;0;;7;;40;;;;;;;;;;;;;;;2012-2013
Dani Alves;3139;1;7;4;0;;10;;75;;;;;;;;;;;;;;;2012-2013
Xavi;3139;6;11;0;0;;18;;4;;;;;;;;;;;;;;;2012-2013
Gerard Piqué;3083;2;0;9;1;;6;;19;;;;;;;;;;;;;;;2012-2013
Sergio Busquets;2968;1;2;10;1;;2;;41;;;;;;;;;;;;;;;2012-2013
Pedro;2926;8;8;6;0;;37;;33;;;;;;;;;;;;;;;2012-2013
Andrés Iniesta;2894;4;16;5;0;;32;;21;;;;;;;;;;;;;;;2012-2013
Cesc Fàbregas;2825;12;12;8;0;;29;;38;;;;;;;;;;;;;;;2012-2013
Javier Mascherano;2547;0;0;7;1;;0;;34;;;;;;;;;;;;;;;2012-2013
Alexis Sánchez;2227;9;11;5;0;;31;;47;;;;;;;;;;;;;;;2012-2013
Alexandre Song;1984;1;0;5;0;;3;;33;;;;;;;;;;;;;;;2012-2013
David Villa;1898;11;6;1;0;;38;;14;;;;;;;;;;;;;;;2012-2013
Adriano;1832;5;2;6;0;;16;;30;;;;;;;;;;;;;;;2012-2013
Thiago Alcántara;1530;2;4;4;0;;7;;23;;;;;;;;;;;;;;;2012-2013
Cristian Tello;1353;8;5;0;0;;15;;5;;;;;;;;;;;;;;;2012-2013
Martín Montoya;1249;1;3;0;0;;3;;16;;;;;;;;;;;;;;;2012-2013
Carles Puyol;1232;1;0;3;0;;1;;14;;;;;;;;;;;;;;;2012-2013
Marc Bartra;773;0;0;2;0;;2;;8;;;;;;;;;;;;;;;2012-2013
José Manuel Pinto;720;0;0;1;0;;0;;0;;;;;;;;;3;37,5;7;26;19;73,1;2012-2013
Éric Abidal;187;0;0;0;0;;0;;0;;;;;;;;;;;;;;;2012-2013
Sergi Roberto;101;0;0;0;0;;0;;0;;;;;;;;;;;;;;;2012-2013
Carles Planas;90;0;0;0;0;;0;;0;;;;;;;;;;;;;;;2012-2013
Jonathan dos Santos;63;0;0;0;0;;0;;1;;;;;;;;;;;;;;;2012-2013
Rafinha;58;0;0;1;0;;1;;2;;;;;;;;;;;;;;;2012-2013
Gerard Deulofeu;44;0;0;0;0;;0;;1;;;;;;;;;;;;;;;2012-2013
Sergio Busquets;3442;2;2;13;0;;5;;41;;;;;;;;;;;;;;;2013-2014
Andrés Iniesta;3261;3;10;2;0;;21;;25;;;;;;;;;;;;;;;2013-2014
Javier Mascherano;3168;0;0;11;0;;0;;47;;;;;;;;;;;;;;;2013-2014
Lionel Messi;3131;36;11;2;0;;102;;13;;;;;;;;;;;;;;;2013-2014
Dani Alves;3105;4;3;8;0;;14;;67;;;;;;;;;;;;;;;2013-2014
Xavi;3044;4;5;0;0;;25;;5;;;;;;;;;;;;;;;2013-2014
Gerard Piqué;3030;4;0;6;0;;14;;34;;;;;;;;;;;;;;;2013-2014
Cesc Fàbregas;3020;9;16;8;0;;30;;55;;;;;;;;;;;;;;;2013-2014
Alexis Sánchez;2836;19;12;6;0;;43;;41;;;;;;;;;;;;;;;2013-2014
Víctor Valdés;2812;0;0;2;0;;0;;0;;;;;;;;;15;46,9;24;107;83;77,6;2013-2014
Pedro;2653;16;8;3;0;;32;;28;;;;;;;;;;;;;;;2013-2014
Adriano;2521;3;2;8;0;;15;;48;;;;;;;;;;;;;;;2013-2014
Neymar;2510;13;11;7;0;;57;;44;;;;;;;;;;;;;;;2013-2014
Marc Bartra;1860;1;1;3;0;;4;;21;;;;;;;;;;;;;;;2013-2014
Jordi Alba;1600;0;2;8;1;;4;;19;;;;;;;;;;;;;;;2013-2014
José Manuel Pinto;1508;0;0;0;0;;0;;0;;;;;;;;;3;18,8;17;55;38;69,1;2013-2014
Martín Montoya;1303;0;2;1;0;;2;;14;;;;;;;;;;;;;;;2013-2014
Alexandre Song;1244;0;0;2;0;;3;;28;;;;;;;;;;;;;;;2013-2014
Carles Puyol;494;1;0;0;0;;1;;1;;;;;;;;;;;;;;;2013-2014
Cristian Tello;470;2;2;0;0;;8;;2;;;;;;;;;;;;;;;2013-2014
Sergi Roberto;413;0;0;1;0;;2;;6;;;;;;;;;;;;;;;2013-2014
Jonathan dos Santos;22;0;0;0;0;;0;;0;;;;;;;;;;;;;;;2013-2014
Gil Patri;22;0;0;0;0;;0;;0;;;;;;;;;;;;;;;2013-2014
Adama Traoré;18;0;0;0;0;;1;;0;;;;;;;;;;;;;;;2013-2014
Jean Marie Dongou;16;0;0;0;0;;0;;0;;;;;;;;;;;;;;;2013-2014
Ibrahim Afellay;4;0;0;0;0;;0;;0;;;;;;;;;;;;;;;2013-2014
Lionel Messi;5062;58;27;6;0;;129;;34;;;;;;;;0;;;;;;;2014-2015
Neymar;4090;39;8;8;0;;65;;49;;;;;;;;0;;;;;;;2014-2015
Dani Alves;3928;0;12;13;1;;7;;81;;;;;;;;0;;;;;;;2014-2015
Gerard Piqué;3899;7;1;10;0;;11;;36;;;;;;;;0;;;;;;;2014-2015
Javier Mascherano;3870;0;2;11;1;;1;;34;;;;;;;;0;;;;;;;2014-2015
Jordi Alba;3786;2;5;9;1;;11;;31;;;;;;;;0;;;;;;;2014-2015
Sergio Busquets;3575;0;2;8;0;;2;;32;;;;;;;;0;;;;;;;2014-2015
Luis Suárez;3513;25;18;7;0;;57;;30;;;;;;;;0;;;;;;;2014-2015
Ivan Rakitić;3341;8;9;3;0;;19;;27;;;;;;;;0;;;;;;;2014-2015
Claudio Bravo;3330;0;0;1;0;;0;;0;;;;;;;;;23;62,2;19;89;70;78,7;2014-2015
Andrés Iniesta;2905;3;6;3;0;;9;;23;;;;;;;;0;;;;;;;2014-2015
Jérémy Mathieu;2762;3;0;6;0;;6;;15;;;;;;;;0;;;;;;;2014-2015
Pedro;2227;11;8;5;0;;19;;30;;;;;;;;0;;;;;;;2014-2015
Xavi;2195;2;10;1;0;;12;;14;;;;;;;;0;;;;;;;2014-2015
Marc-André ter Stegen;1890;0;0;0;0;;0;;0;;;;;;;;0;10;47,6;11;41;30;73,2;2014-2015
Marc Bartra;1852;1;4;1;0;;4;;7;;;;;;;;0;;;;;;;2014-2015
Rafinha;1692;2;1;2;1;;5;;14;;;;;;;;0;;;;;;;2014-2015
Adriano;1413;2;1;4;0;;4;;28;;;;;;;;0;;;;;;;2014-2015
Sergi Roberto;929;2;0;0;0;;0;;5;;;;;;;;0;;;;;;;2014-2015
Martín Montoya;911;0;0;0;0;;1;;9;;;;;;;;0;;;;;;;2014-2015
Munir El Haddadi;813;1;1;0;0;;6;;5;;;;;;;;0;;;;;;;2014-2015
Sergi Samper;286;0;0;0;0;;0;;4;;;;;;;;0;;;;;;;2014-2015
Sandro Ramírez;276;4;0;0;0;;4;;2;;;;;;;;0;;;;;;;2014-2015
Douglas;265;0;0;1;0;;0;;2;;;;;;;;0;;;;;;;2014-2015
Jordi Masip;180;0;0;0;0;;0;;0;;;;;;;;0;0;0,0;2;2;0;0,0;2014-2015
Gerard Gumbau;90;0;0;0;0;;;;;;;;;;;;0;;;;;;;2014-2015
Adama Traoré;77;1;0;0;0;;;;;;;;;;;;0;;;;;;;2014-2015
Thomas Vermaelen;61;0;0;0;0;;0;;0;;;;;;;;;;;;;;;2014-2015
Alen Halilović;30;0;0;0;0;;;;;;;;;;;;0;;;;;;;2014-2015
Edgar Ié;28;0;0;0;0;;;;;;;;;;;;0;;;;;;;2014-2015
Diawandou Diagne;;;;;;;;;;;;;;;;;;;;;;;;2014-2015
Luis Suárez;4586;54;23;11;0;137;87;51,1;59;64;61;34;9;21;2;0;0;;;;;;;2015-2016
Neymar;4346;31;17;10;0;124;76;49,2;60;130;24;126;11;23;8;0;0;;;;;;;2015-2016
Sergio Busquets;4244;0;5;9;0;6;2;33,3;46;66;1;2;67;76;1;0;0;;;;;;;2015-2016
Lionel Messi;4139;40;20;5;0;158;94;47,5;15;68;10;48;6;10;3;0;0;;;;;;;2015-2016
Javier Mascherano;4104;0;1;15;2;3;2;33,3;33;23;0;1;70;59;0;0;0;;;;;;;2015-2016
Ivan Rakitić;3899;9;4;5;0;45;18;31,1;51;51;4;66;51;43;0;0;1;;;;;;;2015-2016
Gerard Piqué;3808;5;1;17;1;13;8;46,2;25;9;4;2;54;36;0;0;0;;;;;;;2015-2016
Dani Alves;3640;1;7;13;0;16;6;25,0;59;20;5;102;46;42;0;0;0;;;;;;;2015-2016
Jordi Alba;3601;1;7;4;0;7;2;28,6;25;17;2;57;61;41;0;1;0;;;;;;;2015-2016
Andrés Iniesta;3334;1;2;7;0;23;8;26,1;24;39;0;17;27;45;0;0;0;;;;;;;2015-2016
Claudio Bravo;2967;0;0;0;0;0;0;;0;1;0;0;4;0;0;0;0;16;48,5;22;107;86;80,4;2015-2016
Sergi Roberto;2723;1;5;1;0;16;5;18,8;19;22;1;35;44;43;0;0;0;;;;;;;2015-2016
Jérémy Mathieu;2359;0;3;3;0;7;3;42,9;10;6;1;7;38;16;0;0;1;;;;;;;2015-2016
Marc-André ter Stegen;2313;0;0;0;0;0;0;;0;0;0;0;0;0;0;0;0;9;37,5;15;67;52;77,6;2015-2016
Munir El Haddadi;1546;8;4;1;0;17;9;35,3;15;12;6;4;14;8;1;0;0;;;;;;;2015-2016
Thomas Vermaelen;1263;1;0;2;0;3;3;100,0;7;6;0;0;14;6;0;0;0;;;;;;;2015-2016
Marc Bartra;1206;2;1;1;0;5;2;40,0;6;5;1;0;15;6;0;0;0;;;;;;;2015-2016
Arda Turan;1175;2;4;8;0;11;4;36,4;22;15;2;5;10;23;0;0;0;;;;;;;2015-2016
Adriano;1057;1;2;1;0;1;1;0,0;11;6;0;11;10;7;0;0;0;;;;;;;2015-2016
Aleix Vidal;863;0;3;2;0;1;0;0,0;8;4;1;11;10;7;0;0;0;;;;;;;2015-2016
Sandro Ramírez;837;3;2;0;0;10;5;20,0;5;5;1;4;0;2;0;0;0;;;;;;;2015-2016
Sandro Ramírez;837;3;2;0;0;10;5;20,0;4;;;;;;;;;;;;;;;2015-2016
Sandro Ramírez;837;3;2;0;0;;0;;5;5;1;4;0;2;0;0;0;;;;;;;2015-2016
Sandro Ramírez;837;3;2;0;0;;0;;4;;;;;;;;;;;;;;;2015-2016
Rafinha;504;2;0;0;0;2;4;100,0;5;6;0;0;5;4;0;0;0;;;;;;;2015-2016
Sergi Samper;434;0;0;1;0;0;0;;4;0;0;0;0;2;0;0;0;;;;;;;2015-2016
Gerard Gumbau;240;0;0;3;0;0;0;;2;0;0;0;2;2;0;0;0;;;;;;;2015-2016
Jordi Masip;180;0;0;0;0;;;;;;;;;;;;0;1;50,0;;;0;;2015-2016
Sandro Ramírez;173;0;0;0;0;10;5;20,0;5;5;1;4;0;2;0;0;0;;;;;;;2015-2016
Sandro Ramírez;173;0;0;0;0;10;5;20,0;4;;;;;;;;;;;;;;;2015-2016
Sandro Ramírez;173;0;0;0;0;;0;;5;5;1;4;0;2;0;0;0;;;;;;;2015-2016
Sandro Ramírez;173;0;0;0;0;;0;;4;;;;;;;;;;;;;;;2015-2016
Pedro;165;1;0;3;0;;1;;1;0;0;;;;;;0;;;;;;;2015-2016
Wilfrid Kaptoum;134;1;0;0;0;;0;;1;;;;;;;;0;;;;;;;2015-2016
Douglas;118;0;0;0;0;0;0;;0;1;0;0;1;0;0;0;0;;;;;;;2015-2016
Aitor Cantalapiedra;117;0;1;0;0;;;;;;;;;;;;0;;;;;;;2015-2016
Juan Cámara;31;0;1;0;0;;0;;1;;;;;;;;0;;;;;;;2015-2016
Carles Aleñá;;;;;;;;;;;;;;;;;;;;;;;;2015-2016
Dani Romera;;;;;;;;;;;;;;;;;;;;;;;;2015-2016
Lionel Messi;4450;54;16;9;0;217;92;42,4;20;99;5;69;7;23;1;0;0;;;;;;;2016-2017
Luis Suárez;4296;36;16;14;1;141;67;47,5;50;59;65;24;15;18;4;0;0;;;;;;;2016-2017
Marc-André ter Stegen;4140;0;0;2;0;0;0;;1;5;0;0;4;0;0;1;0;17;37,0;47;195;150;76,9;2016-2017
Neymar;3965;20;20;15;1;125;52;41,6;50;158;24;260;16;46;4;0;0;;;;;;;2016-2017
Sergio Busquets;3922;0;3;15;0;4;0;0,0;51;46;1;2;64;74;0;0;0;;;;;;;2016-2017
Samuel Umtiti;3724;1;0;9;0;8;2;25,0;30;30;0;1;61;33;0;0;1;;;;;;;2016-2017
Sergi Roberto;3566;1;5;8;1;22;7;31,8;26;35;0;58;59;56;0;0;0;;;;;;;2016-2017
Gerard Piqué;3562;3;0;8;0;24;9;37,5;31;12;6;0;45;37;0;0;0;;;;;;;2016-2017
Ivan Rakitić;3519;9;7;10;0;56;19;33,9;42;54;3;86;38;45;0;0;0;;;;;;;2016-2017
Javier Mascherano;3027;1;4;8;0;13;2;15,4;27;23;1;5;67;56;0;0;0;;;;;;;2016-2017
Jordi Alba;2974;1;6;7;0;8;1;12,5;26;17;9;26;31;37;1;0;0;;;;;;;2016-2017
André Gomes;2653;3;2;4;0;25;9;36,0;49;23;4;15;16;38;1;0;0;;;;;;;2016-2017
Andrés Iniesta;2295;1;6;6;0;26;10;38,5;25;38;0;21;19;33;0;0;0;;;;;;;2016-2017
Arda Turan;1850;13;5;1;0;21;11;52,4;30;22;3;34;14;25;0;0;0;;;;;;;2016-2017
Lucas Digne;1849;1;1;3;0;6;1;16,7;28;11;4;40;27;22;0;0;0;;;;;;;2016-2017
Denis Suárez;1794;3;3;1;0;14;7;50,0;17;22;1;27;10;15;1;0;0;;;;;;;2016-2017
Rafinha;1566;7;2;2;0;28;10;35,7;13;41;1;10;15;27;0;0;0;;;;;;;2016-2017
Paco Alcácer;1307;8;3;1;0;27;16;59,3;9;7;6;5;7;2;0;0;0;;;;;;;2016-2017
Jérémy Mathieu;1145;1;0;0;2;5;1;20,0;15;5;1;6;17;13;0;0;1;;;;;;;2016-2017
Jasper Cillessen;900;0;0;1;0;0;0;;0;0;0;0;0;0;0;0;0;3;30,0;9;7;5;71,4;2016-2017
Aleix Vidal;889;2;3;1;0;9;4;44,4;7;6;3;9;11;7;0;0;0;;;;;;;2016-2017
Claudio Bravo;270;0;0;0;0;0;0;;0;0;0;0;0;0;0;0;0;2;66,7;2;2;0;0,0;2016-2017
Marlon;198;0;0;0;0;0;0;;1;1;0;0;3;3;0;0;0;;;;;;;2016-2017
Munir El Haddadi;125;1;0;0;0;0;0;;0;0;0;1;1;0;0;0;0;;;;;;;2016-2017
Carles Aleñá;118;1;0;1;0;1;0;0,0;2;0;0;0;1;0;0;0;0;;;;;;;2016-2017
Borja López;90;0;0;0;0;;;;;;;;;;;;0;;;;;;;2016-2017
Àlex Carbonell;68;0;0;0;0;;;;;;;;;;;;0;;;;;;;2016-2017
Marc Cardona;31;0;0;0;0;0;0;;0;0;0;0;0;1;0;0;0;;;;;;;2016-2017
Nili;22;0;0;0;0;;;;;;;;;;;;0;;;;;;;2016-2017
Sergi Samper;17;0;0;0;0;;;;;;;;;;;;0;;;;;;;2016-2017
Jordi Masip;;;;;;;;;;;;;;;;;;;;;;;;2016-2017
Douglas;;;;;;;;;;;;;;;;;;;;;;;;2016-2017
Wilfrid Kaptoum;;;;;;;;;;;;;;;;;;;;;;;;2016-2017
Unai Simón;;;;;;;;;;;;;;;;;;;;;;;;2016-2017
Lionel Messi;4471;45;18;7;0;240;119;49,6;21;99;18;77;10;17;0;0;0;;;;;;;2017-2018
Luis Suárez;4445;31;18;14;0;153;68;44,4;60;63;68;17;12;18;1;0;0;;;;;;;2017-2018
Marc-André ter Stegen;4320;0;0;0;0;0;0;;0;2;0;0;5;0;0;0;0;24;50,0;39;147;115;78,9;2017-2018
Ivan Rakitić;4263;4;5;6;0;33;13;39,4;44;55;3;75;57;40;0;0;0;;;;;;;2017-2018
Sergio Busquets;4156;1;4;11;0;7;4;57,1;43;72;0;0;53;70;1;0;0;;;;;;;2017-2018
Gerard Piqué;4140;4;0;12;2;21;6;28,6;32;17;4;2;38;32;1;1;1;;;;;;;2017-2018
Jordi Alba;3999;3;10;9;0;16;6;37,5;41;27;19;55;77;54;0;0;0;;;;;;;2017-2018
Samuel Umtiti;3539;1;0;7;0;10;5;50,0;32;34;4;0;59;40;0;0;0;;;;;;;2017-2018
Sergi Roberto;3441;1;8;6;2;10;6;60,0;23;41;3;43;41;52;0;1;0;;;;;;;2017-2018
Andrés Iniesta;2867;2;5;2;0;24;6;25,0;18;61;1;23;18;31;0;0;0;;;;;;;2017-2018
Paulinho;2561;9;2;4;0;57;26;45,6;39;39;4;5;22;37;0;0;0;;;;;;;2017-2018
Nélson Semedo;2491;0;1;4;0;5;3;60,0;24;32;4;22;31;39;1;0;0;;;;;;;2017-2018
Thomas Vermaelen;1513;0;1;4;0;3;2;66,7;10;3;1;2;21;9;0;0;0;;;;;;;2017-2018
Philippe Coutinho;1478;10;6;1;0;37;20;54,1;12;32;9;50;7;14;0;0;0;;;;;;;2017-2018
Lucas Digne;1339;1;2;3;0;3;2;66,7;16;8;2;21;18;22;0;1;0;;;;;;;2017-2018
André Gomes;1192;0;1;3;0;9;0;0,0;19;8;3;5;9;18;0;0;0;;;;;;;2017-2018
Denis Suárez;1147;3;5;1;0;15;5;33,3;9;13;2;28;2;10;0;0;0;;;;;;;2017-2018
Ousmane Dembélé;1128;4;7;2;0;24;11;45,8;11;22;3;45;7;9;0;1;0;;;;;;;2017-2018
Aleix Vidal;1036;2;3;1;0;10;6;60,0;4;16;3;9;13;7;0;0;0;;;;;;;2017-2018
Paco Alcácer;996;7;3;0;0;18;8;44,4;2;10;7;7;12;5;0;0;0;;;;;;;2017-2018
Jasper Cillessen;990;0;0;0;0;0;0;;0;0;0;0;0;0;0;0;0;8;72,7;1;10;9;90,0;2017-2018
Javier Mascherano;945;0;0;1;0;0;0;;11;1;0;0;10;14;0;0;0;;;;;;;2017-2018
Gerard Deulofeu;892;2;2;1;0;12;8;66,7;13;5;5;33;10;5;0;0;0;;;;;;;2017-2018
Yerry Mina;379;0;1;2;0;3;1;33,3;6;7;1;0;7;9;0;0;0;;;;;;;2017-2018
Carles Aleñá;223;0;0;1;0;;;;;;;;;;;;0;;;;;;;2017-2018
José Arnaiz;223;3;0;0;0;0;0;;1;0;0;0;0;1;0;0;0;;;;;;;2017-2018
Oriol Busquets;61;0;0;0;0;;;;;;;;;;;;0;;;;;;;2017-2018
David Costas;34;0;0;0;0;;;;;;;;;;;;0;;;;;;;2017-2018
Rafinha;13;0;0;0;0;;;;;;;;;;;;0;;;;;;;2017-2018
Marc Cucurella;8;0;0;0;0;;;;;;;;;;;;0;;;;;;;2017-2018
Arda Turan;;;;;;;;;;;;;;;;;;;;;;;;2017-2018
Adrián Ortolá;;;;;;;;;;;;;;;;;;;;;;;;2017-2018
Gerard Piqué;4680;7;2;7;0;27;13;48,1;33;27;2;0;56;43;0;1;0;;;;;;;2018-2019
Jordi Alba;4514;3;15;10;0;21;9;42,9;35;22;12;90;89;38;0;0;0;;;;;;;2018-2019
Marc-André ter Stegen;4410;0;0;1;0;0;0;;1;4;0;0;3;0;0;1;0;23;47,9;43;162;121;74,1;2018-2019
Sergio Busquets;4328;0;1;17;0;11;1;9,1;70;74;0;2;79;91;0;0;0;;;;;;;2018-2019
Ivan Rakitić;4233;5;10;10;1;70;22;31,4;44;76;3;31;79;35;1;0;0;;;;;;;2018-2019
Luis Suárez;4129;25;11;10;0;166;74;44,6;46;90;40;33;11;16;2;0;0;;;;;;;2018-2019
Lionel Messi;4029;51;19;3;0;256;127;49,6;31;101;19;106;6;20;1;0;0;;;;;;;2018-2019
Clément Lenglet;3656;2;0;11;1;18;7;38,9;49;34;1;0;44;55;0;0;0;;;;;;;2018-2019
Philippe Coutinho;3336;11;5;2;0;118;53;44,9;31;73;18;86;23;18;0;0;0;;;;;;;2018-2019
Sergi Roberto;3217;1;7;4;0;17;5;29,4;32;47;0;40;56;36;0;0;0;;;;;;;2018-2019
Nélson Semedo;2894;1;1;9;0;9;2;22,2;44;46;7;28;37;54;0;0;0;;;;;;;2018-2019
Arturo Vidal;2758;3;7;10;0;37;14;37,8;89;46;3;7;49;75;0;0;0;;;;;;;2018-2019
Ousmane Dembélé;2490;14;8;1;0;69;33;47,8;28;48;11;113;10;19;0;0;0;;;;;;;2018-2019
Arthur Melo;2464;0;2;3;0;8;4;50,0;16;79;0;5;20;28;0;0;0;;;;;;;2018-2019
Samuel Umtiti;1267;0;1;5;1;2;0;0,0;18;16;2;0;18;6;0;0;0;;;;;;;2018-2019
Carles Aleñá;1088;2;0;3;0;22;5;22,7;16;21;2;3;4;11;0;0;0;;;;;;;2018-2019
Malcom;1073;4;2;0;0;22;10;45,5;14;27;11;43;7;8;0;0;0;;;;;;;2018-2019
Jasper Cillessen;990;0;0;0;0;0;0;;0;1;0;0;0;0;0;0;0;3;27,3;13;44;33;72,7;2018-2019
Thomas Vermaelen;768;0;0;2;0;2;0;0,0;11;7;0;1;11;4;0;0;0;;;;;;;2018-2019
Munir El Haddadi;397;2;1;0;0;12;4;33,3;4;6;10;1;0;3;0;0;0;;;;;;;2018-2019
Rafinha;347;1;0;1;0;6;3;50,0;10;12;0;6;1;8;0;0;0;;;;;;;2018-2019
Juan Miranda;315;0;0;2;0;2;0;0,0;4;9;1;7;6;4;0;0;0;;;;;;;2018-2019
Kevin-Prince Boateng;301;0;0;1;0;3;1;33,3;4;11;5;0;1;2;0;0;0;;;;;;;2018-2019
Jeison Murillo;293;0;0;2;0;2;1;50,0;6;4;0;0;5;7;0;0;0;;;;;;;2018-2019
Denis Suárez;263;2;0;0;0;10;4;40,0;1;6;1;8;2;0;1;0;0;;;;;;;2018-2019
Chumi;237;0;0;1;0;0;0;;3;1;0;1;3;4;0;0;0;;;;;;;2018-2019
Moussa Wagué;225;0;0;1;0;1;1;100,0;9;0;3;6;4;5;;;0;;;;;;;2018-2019
Riqui Puig;192;0;1;0;0;0;0;;1;3;0;0;1;4;0;0;0;;;;;;;2018-2019
Jean-Clair Todibo;157;0;0;2;0;0;0;;4;0;0;0;3;2;;;0;;;;;;;2018-2019
Álex Collado;85;0;0;0;0;2;0;0,0;0;1;0;0;0;0;;;0;;;;;;;2018-2019
Jorge Cuenca;60;0;0;0;0;0;0;;1;0;0;0;2;1;0;0;0;;;;;;;2018-2019
Oriol Busquets;54;0;0;0;0;0;0;;3;0;0;0;1;0;0;0;0;;;;;;;2018-2019
Sergi Samper;32;0;0;0;0;0;0;;0;0;0;0;1;0;0;0;0;;;;;;;2018-2019
Abel Ruiz;22;0;0;0;0;1;1;100,0;0;0;0;1;0;1;;;0;;;;;;;2018-2019
Carles Pérez;18;0;0;0;0;1;0;0,0;0;0;0;0;0;0;;;0;;;;;;;2018-2019
Iñaki Peña;;;;;;;;;;;;;;;;;;;;;;;;2018-2019
Jokin Ezkieta;;;;;;;;;;;;;;;;;;;;;;;;2018-2019
Guillem Jaime;;;;;;;;;;;;;;;;;;;;;;;;2018-2019
Marc-André ter Stegen;4140;0;2;1;0;0;0;;0;3;0;0;4;2;;;0;17;37,0;50;151;110;71,5;2019-2020
Gerard Piqué;3980;1;0;20;0;18;9;50,0;40;22;0;0;54;29;;;0;;;;;;;2019-2020
Lionel Messi;3812;31;25;7;0;201;93;46,3;29;101;15;144;9;10;;;0;;;;;;;2019-2020
Antoine Griezmann;3487;15;4;4;0;75;36;48,0;20;27;18;32;17;22;;;0;;;;;;;2019-2020
Clément Lenglet;3415;4;1;12;2;16;6;37,5;46;34;4;1;47;39;;;0;;;;;;;2019-2020
Sergio Busquets;3252;2;2;12;0;11;4;36,4;61;64;0;1;68;59;;;1;;;;;;;2019-2020
Frenkie de Jong;3220;2;3;4;1;8;6;75,0;28;46;1;7;40;32;;;0;;;;;;;2019-2020
Sergi Roberto;3020;1;2;9;0;7;3;42,9;26;43;2;40;41;31;;;0;;;;;;;2019-2020
Nélson Semedo;2997;1;4;5;0;12;3;25,0;37;44;5;31;36;45;;;0;;;;;;;2019-2020
Jordi Alba;2816;2;7;10;0;9;3;33,3;21;29;7;79;48;15;;;1;;;;;;;2019-2020
Luis Suárez;2655;21;11;7;0;105;59;56,2;23;43;21;10;4;1;;;0;;;;;;;2019-2020
Arturo Vidal;2253;8;3;9;1;31;14;45,2;63;32;10;19;18;49;;;0;;;;;;;2019-2020
Ivan Rakitić;2117;1;5;6;0;37;9;24,3;29;49;2;43;28;22;;;0;;;;;;;2019-2020
Arthur Melo;1541;4;4;2;0;11;6;54,5;15;56;1;25;4;12;;;0;;;;;;;2019-2020
Junior Firpo;1402;1;1;6;0;4;1;25,0;40;24;2;10;21;19;;;0;;;;;;;2019-2020
Ansu Fati;1381;8;1;3;1;44;15;34,1;26;32;7;27;9;11;;;0;;;;;;;2019-2020
Samuel Umtiti;1320;0;0;6;0;1;0;0,0;25;19;1;0;32;9;;;0;;;;;;;2019-2020
Carles Pérez;618;2;2;0;0;18;8;44,4;5;8;3;17;1;5;;;0;;;;;;;2019-2020
Riqui Puig;580;0;2;1;0;9;5;55,6;9;11;0;1;5;8;;;0;;;;;;;2019-2020
Ousmane Dembélé;493;1;0;2;1;9;3;33,3;3;6;5;25;0;2;;;0;;;;;;;2019-2020
Neto;450;0;0;1;0;0;0;;1;2;0;0;0;0;;;0;1;20,0;7;18;12;66,7;2019-2020
Martin Braithwaite;407;1;0;1;0;13;8;61,5;8;7;1;4;1;2;;;0;;;;;;;2019-2020
Carles Aleñá;262;0;0;0;0;1;1;100,0;4;4;0;7;1;1;;;0;;;;;;;2019-2020
Ronald Araújo;238;0;0;0;1;1;0;0,0;2;1;0;0;1;2;;;0;;;;;;;2019-2020
Rafinha;186;0;0;0;0;6;1;16,7;3;12;0;12;1;2;;;0;;;;;;;2019-2020
Moussa Wagué;181;0;0;0;0;2;0;0,0;2;0;0;7;2;4;;;0;;;;;;;2019-2020
Jean-Clair Todibo;167;0;0;0;0;1;0;0,0;2;0;0;0;1;6;;;0;;;;;;;2019-2020
Monchu;7;0;0;0;0;0;0;;1;0;0;0;0;0;;;0;;;;;;;2019-2020
Álex Collado;6;0;0;0;0;0;0;;0;0;0;0;0;0;;;0;;;;;;;2019-2020
Abel Ruiz;;;;;;;;;;;;;;;;;;;;;;;;2019-2020
Jandro Orellana;;;;;;;;;;;;;;;;;;;;;;;;2019-2020
Rey Manaj;;;;;;;;;;;;;;;;;;;;;;;;2019-2020
Arnau Tenas;;;;;;;;;;;;;;;;;;;;;;;;2019-2020
Kike Saverio;;;;;;;;;;;;;;;;;;;;;;;;2019-2020
Jorge Cuenca;;;;;;;;;;;;;;;;;;;;;;;;2019-2020
;;;;;;;;;;;;;;;;;;;;;;;;2019-2020
Arnau Comas;;;;;;;;;;;;;;;;;;;;;;;;2019-2020
Chumi;;;;;;;;;;;;;;;;;;;;;;;;2019-2020
Sergio Akieme;;;;;;;;;;;;;;;;;;;;;;;;2019-2020
Ludovit Reis;;;;;;;;;;;;;;;;;;;;;;;;2019-2020
Óscar Mingueza;;;;;;;;;;;;;;;;;;;;;;;;2019-2020
Dani Morer;;;;;;;;;;;;;;;;;;;;;;;;2019-2020
Iñaki Peña;;;;;;;;;;;;;;;;;;;;;;;;2019-2020
Konrad De La Fuente;;;;;;;;;;;;;;;;;;;;;;;;2019-2020
Frenkie de Jong;4489;7;7;6;0;25;10;40,0;37;69;7;10;64;38;;;0;;;;;;;2020-2021
Jordi Alba;4193;5;13;13;0;35;12;34,3;29;20;15;168;64;38;;;1;;;;;;;2020-2021
Lionel Messi;4192;38;12;6;1;270;128;47,4;29;140;10;177;8;14;;;0;;;;;;;2020-2021
Marc-André ter Stegen;3900;0;0;1;0;1;0;0,0;1;1;0;0;1;0;;;0;14;35,0;50;147;106;71,4;2020-2021
Antoine Griezmann;3884;20;12;5;0;111;51;45,9;24;52;20;33;20;28;;;0;;;;;;;2020-2021
Clément Lenglet;3694;1;0;14;2;17;7;41,2;66;51;6;6;52;28;;;1;;;;;;;2020-2021
Pedri;3509;4;6;2;0;37;14;37,8;27;58;1;24;42;43;;;0;;;;;;;2020-2021
Sergio Busquets;3506;0;5;10;0;10;5;50,0;62;87;0;4;60;53;;;0;;;;;;;2020-2021
Óscar Mingueza;2795;2;3;7;0;14;6;42,9;47;24;1;30;36;45;;;0;;;;;;;2020-2021
Sergiño Dest;2738;3;1;1;0;21;7;33,3;22;19;6;62;15;29;;;0;;;;;;;2020-2021
Ousmane Dembélé;2700;11;5;4;0;94;41;43,6;21;43;15;120;12;15;;;0;;;;;;;2020-2021
Ronald Araújo;2236;2;1;3;0;20;8;40,0;17;26;2;0;30;18;;;0;;;;;;;2020-2021
Gerard Piqué;1917;2;0;4;1;11;4;36,4;18;6;2;0;38;14;;;0;;;;;;;2020-2021
Martin Braithwaite;1737;7;3;4;0;41;17;41,5;17;28;17;6;8;5;;;0;;;;;;;2020-2021
Francisco Trincão;1334;3;2;3;0;42;19;45,2;14;25;9;21;6;10;;;0;;;;;;;2020-2021
Miralem Pjanić;1302;0;0;3;0;27;6;22,2;18;16;0;19;25;11;;;0;;;;;;;2020-2021
Sergi Roberto;1201;1;2;2;0;7;3;42,9;8;13;2;17;12;12;;;0;;;;;;;2020-2021
Neto;1110;0;0;0;0;0;0;;0;0;0;0;0;0;;;0;6;50,0;9;34;28;82,4;2020-2021
Junior Firpo;874;1;1;3;0;4;2;50,0;19;9;4;13;11;7;;;0;;;;;;;2020-2021
Samuel Umtiti;833;0;0;2;0;2;1;50,0;15;12;0;0;13;1;;;0;;;;;;;2020-2021
Philippe Coutinho;787;3;2;0;0;34;12;35,3;9;14;1;27;3;6;;;0;;;;;;;2020-2021
Ilaix Moriba;680;1;2;1;0;16;3;18,8;21;22;0;1;5;9;;;0;;;;;;;2020-2021
Riqui Puig;598;1;0;2;0;11;2;18,2;8;19;0;1;5;5;;;0;;;;;;;2020-2021
Ansu Fati;591;5;2;1;0;23;13;56,5;8;13;2;5;3;5;;;0;;;;;;;2020-2021
Carles Aleñá;172;0;0;1;0;4;0;0,0;5;3;0;2;0;1;;;0;;;;;;;2020-2021
Konrad De La Fuente;39;0;0;0;0;1;1;100,0;3;0;0;0;0;0;;;0;;;;;;;2020-2021
Matheus Fernandes;18;0;0;0;0;1;0;0,0;1;1;0;0;0;0;;;0;;;;;;;2020-2021
Arnau Tenas;;;;;;;;;;;;;;;;;;;;;;;;2020-2021
Iñaki Peña;;;;;;;;;;;;;;;;;;;;;;;;2020-2021
Rafinha;;;;;;;;;;;;;;;;;;;;;;;;2020-2021
Álex Collado;;;;;;;;;;;;;;;;;;;;;;;;2020-2021
Santi Ramos Mingo;;;;;;;;;;;;;;;;;;;;;;;;2020-2021
Marc-André ter Stegen;4470;0;0;3;0;0;0;;1;7;0;0;3;0;;;0;15;30,6;57;166;115;69,3;2021-2022
Sergio Busquets;4415;3;1;14;0;21;7;33,3;68;95;3;3;69;74;;;0;;;;;;;2021-2022
Jordi Alba;3887;3;12;14;0;41;9;22,0;35;27;14;190;55;46;;;0;;;;;;;2021-2022
Frenkie de Jong;3515;4;5;10;1;29;11;37,9;31;48;8;38;29;30;;;0;;;;;;;2021-2022
Ronald Araújo;3274;4;0;7;0;27;11;40,7;33;22;4;11;31;39;;;0;;;;;;;2021-2022
Gerard Piqué;3096;3;0;13;1;23;5;21,7;42;20;1;0;55;22;;;0;;;;;;;2021-2022
Gavi;3080;2;5;16;1;35;9;25,7;91;87;15;57;36;29;;;0;;;;;;;2021-2022
Eric García;2804;0;0;10;2;9;5;55,6;45;10;2;2;58;30;;;0;;;;;;;2021-2022
Memphis;2499;13;2;4;0;72;37;51,4;30;52;17;176;3;7;;;0;;;;;;;2021-2022
Sergiño Dest;2042;0;3;3;0;18;5;27,8;22;26;1;76;5;25;;;0;;;;;;;2021-2022
Ferrán Torres;1992;7;6;2;0;72;24;33,3;18;30;21;11;8;6;;;0;;;;;;;2021-2022
Ousmane Dembélé;1948;2;13;4;0;71;13;18,3;17;33;6;210;5;17;;;0;;;;;;;2021-2022
Pedri;1700;5;1;1;0;25;9;36,0;6;32;1;23;12;23;;;0;;;;;;;2021-2022
Nicolás González;1695;2;2;7;0;25;7;28,0;50;25;2;10;11;29;;;0;;;;;;;2021-2022
Pierre-Emerick Aubameyang;1501;13;1;0;0;52;24;46,2;11;10;8;8;3;3;;;0;;;;;;;2021-2022
Dani Alves;1385;1;4;3;1;6;2;33,3;32;12;1;97;12;24;;;0;;;;;;;2021-2022
Óscar Mingueza;1346;0;2;2;0;2;1;50,0;22;6;1;47;15;22;;;0;;;;;;;2021-2022
Clément Lenglet;1247;0;1;5;0;7;2;28,6;23;6;1;3;24;15;;;0;;;;;;;2021-2022
Luuk de Jong;949;7;0;1;0;38;16;42,1;10;15;10;1;1;7;;;0;;;;;;;2021-2022
Adama Traoré;735;0;4;0;0;13;4;30,8;11;12;3;61;3;3;;;0;;;;;;;2021-2022
Abde Ezzalzouli;689;1;0;4;0;18;4;22,2;18;16;2;17;10;11;;;0;;;;;;;2021-2022
Philippe Coutinho;614;2;0;1;0;28;8;28,6;8;17;2;21;4;4;;;0;;;;;;;2021-2022
Ansu Fati;580;6;0;0;0;25;10;40,0;14;15;5;4;1;3;;;0;;;;;;;2021-2022
Sergi Roberto;568;2;1;1;0;6;3;50,0;1;5;1;16;5;2;;;0;;;;;;;2021-2022
Riqui Puig;559;1;0;0;0;11;3;27,3;8;11;0;1;4;5;;;0;;;;;;;2021-2022
Ferran Jutglà;522;2;0;1;0;14;7;50,0;9;6;4;6;1;1;;;0;;;;;;;2021-2022
Neto;360;0;0;0;0;0;0;;0;0;0;0;0;0;;;0;0;0,0;5;16;11;68,8;2021-2022
Yusuf Demir;294;0;0;0;0;3;1;33,3;1;5;1;3;2;1;;;0;;;;;;;2021-2022
Antoine Griezmann;263;0;0;0;0;4;0;0,0;2;4;0;0;3;4;;;0;;;;;;;2021-2022
Martin Braithwaite;251;2;1;0;0;7;3;42,9;6;3;2;2;1;1;;;0;;;;;;;2021-2022
Alejandro Balde;209;0;0;0;0;2;0;0,0;5;4;0;7;1;1;;;0;;;;;;;2021-2022
Ilias Akhomach;169;0;0;0;0;5;2;40,0;4;6;0;7;0;1;;;0;;;;;;;2021-2022
Sergio Agüero;167;1;0;0;0;7;1;14,3;1;2;1;3;0;1;;;0;;;;;;;2021-2022
Emerson;91;0;0;0;0;0;0;;3;3;0;2;2;2;;;0;;;;;;;2021-2022
Samuel Umtiti;90;0;0;1;0;0;0;;0;1;1;0;0;2;;;0;;;;;;;2021-2022
;;;;;;;;;;;;;;;;;;;;;;;;2021-2022
Alvaro Sanz;46;0;0;0;0;1;0;0,0;0;2;0;0;0;0;;;0;;;;;;;2021-2022
Estanis;11;0;0;0;0;0;0;;1;0;0;0;0;1;;;0;;;;;;;2021-2022
Mika Mármol;1;0;0;0;0;0;0;;0;0;0;0;0;0;;;0;;;;;;;2021-2022
Arnau Tenas;;;;;;;;;;;;;;;;;;;;;;;;2021-2022
Iñaki Peña;;;;;;;;;;;;;;;;;;;;;;;;2021-2022
Lazar Carević;;;;;;;;;;;;;;;;;;;;;;;;2021-2022
Jandro Orellana;;;;;;;;;;;;;;;;;;;;;;;;2021-2022
Lucas De Vega;;;;;;;;;;;;;;;;;;;;;;;;2021-2022
Arnau Comas;;;;;;;;;;;;;;;;;;;;;;;;2021-2022
Guillem Jaime;;;;;;;;;;;;;;;;;;;;;;;;2021-2022
Miralem Pjanić;;;;;;;;;;;;;;;;;;;;;;;;2021-2022
Rey Manaj;;;;;;;;;;;;;;;;;;;;;;;;2021-2022
Marc-André ter Stegen;4457;0;0;0;0;0;0;;0;3;0;0;0;0;;;0;28;58,3;39;153;118;77,1;2022-2023
Robert Lewandowski;3948;33;8;5;1;179;80;44,7;55;67;32;30;4;18;;;0;;;;;;;2022-2023
Gavi;3510;3;7;15;0;34;9;26,5;96;100;14;53;28;50;;;0;;;;;;;2022-2023
Jules Koundé;3452;1;6;2;0;17;3;17,6;26;20;2;46;33;28;;;2;;;;;;;2022-2023
Frenkie de Jong;3279;2;4;3;0;21;12;57,1;38;52;2;47;43;37;;;0;;;;;;;2022-2023
Sergio Busquets;3274;0;4;13;1;11;2;18,2;44;57;0;10;47;50;;;0;;;;;;;2022-2023
Alejandro Balde;3119;1;6;5;0;26;5;19,2;32;40;5;88;14;34;;;0;;;;;;;2022-2023
Raphinha;2909;10;11;11;0;107;33;30,8;35;45;18;240;27;34;;;0;;;;;;;2022-2023
Pedri;2702;7;1;3;0;33;15;45,5;11;54;4;38;17;25;;;0;;;;;;;2022-2023
Ronald Araújo;2595;1;2;7;1;25;3;12,0;29;24;1;7;15;29;;;1;;;;;;;2022-2023
Andreas Christensen;2330;1;1;3;0;14;6;42,9;21;10;0;1;25;18;;;1;;;;;;;2022-2023
Ousmane Dembélé;2149;8;9;5;0;74;29;39,2;21;29;8;170;2;20;;;0;;;;;;;2022-2023
Marcos Alonso;1958;3;0;3;0;11;4;36,4;18;11;0;41;20;14;;;0;;;;;;;2022-2023
Jordi Alba;1919;2;6;7;1;15;5;33,3;12;7;11;120;18;24;;;0;;;;;;;2022-2023
Ferrán Torres;1901;7;3;7;1;50;17;34,0;25;28;17;74;3;10;;;0;;;;;;;2022-2023
Sergi Roberto;1878;4;3;7;0;24;9;37,5;28;12;2;30;17;18;;;0;;;;;;;2022-2023
Ansu Fati;1848;10;4;4;0;90;29;32,2;28;16;10;19;6;11;;;0;;;;;;;2022-2023
Eric García;1823;1;1;4;0;7;1;14,3;20;9;1;2;22;19;;;0;;;;;;;2022-2023
Franck Kessié;1816;3;3;5;0;31;11;35,5;37;33;3;11;16;17;;;0;;;;;;;2022-2023
Gerard Piqué;642;0;0;2;1;4;1;25,0;8;3;0;0;7;6;;;0;;;;;;;2022-2023
Héctor Bellerín;495;0;0;0;0;1;1;100,0;5;0;0;12;6;8;;;0;;;;;;;2022-2023
Iñaki Peña;373;0;0;0;0;0;0;;0;0;0;0;0;0;;;0;1;33,3;7;16;10;62,5;2022-2023
Pablo Torre;343;1;1;2;0;4;1;25,0;10;7;0;11;3;4;;;0;;;;;;;2022-2023
Memphis;203;1;0;0;0;7;3;42,9;2;2;2;7;0;1;;;0;;;;;;;2022-2023
Ángel Alarcón;36;0;0;0;0;1;1;100,0;3;1;0;1;0;0;;;0;;;;;;;2022-2023
Marc Casado;24;0;0;0;0;0;0;;0;1;0;0;0;0;;;0;;;;;;;2022-2023
Alvaro Sanz;14;0;0;0;0;0;0;;0;0;0;0;0;0;;;0;;;;;;;2022-2023
Pierre-Emerick Aubameyang;9;0;0;0;0;1;1;100,0;0;0;0;0;0;0;;;0;;;;;;;2022-2023
Lamine Yamal;8;0;0;0;0;1;1;100,0;0;0;0;1;0;0;;;0;;;;;;;2022-2023
Aleix Garrido;7;0;0;0;0;0;0;;0;0;0;1;0;1;;;0;;;;;;;2022-2023
Chadi Riad;2;0;0;0;0;0;0;;0;0;0;0;0;0;;;0;;;;;;;2022-2023
Arnau Tenas;;0;0;1;0;;;;;;;;;;;;;;;;;;;2022-2023
Miralem Pjanić;;;;;;;;;;;;;;;;;;;;;;;;2022-2023
Ander Astralaga;;;;;;;;;;;;;;;;;;;;;;;;2022-2023
Unai Hernandez;;;;;;;;;;;;;;;;;;;;;;;;2022-2023
Daniel Rodriguez;;;;;;;;;;;;;;;;;;;;;;;;2022-2023
Estanis;;;;;;;;;;;;;;;;;;;;;;;;2022-2023
Ilias Akhomach;;;;;;;;;;;;;;;;;;;;;;;;2022-2023
Marc Guiu;;;;;;;;;;;;;;;;;;;;;;;;2022-2023
Pau Prim;;;;;;;;;;;;;;;;;;;;;;;;2022-2023
Álex Valle;;;;;;;;;;;;;;;;;;;;;;;;2022-2023
İlkay Gündoğan;4179;5;14;6;0;63;23;36,5;25;59;7;215;27;28;;;0;;;;;;;2023-2024
Jules Koundé;4099;2;4;5;0;30;11;36,7;33;30;3;45;45;39;;;0;;;;;;;2023-2024
Robert Lewandowski;3790;26;9;6;0;129;61;47,3;37;74;31;20;9;11;;;0;;;;;;;2023-2024
João Cancelo;3311;4;5;8;0;42;15;35,7;51;33;4;108;51;69;;;0;;;;;;;2023-2024
Marc-André ter Stegen;3240;0;0;3;0;0;0;;0;1;0;0;0;0;;;0;14;38,9;37;130;96;73,8;2023-2024
Ronald Araújo;3025;1;2;10;2;30;10;33,3;34;15;0;8;19;38;;;0;;;;;;;2023-2024
Lamine Yamal;2961;7;7;6;0;85;26;30,6;34;62;5;112;29;51;;;0;;;;;;;2023-2024
Andreas Christensen;2775;3;2;8;0;19;6;31,6;34;17;0;0;30;26;;;0;;;;;;;2023-2024
Frenkie de Jong;2507;2;0;10;0;7;4;57,1;33;36;1;29;24;32;;;0;;;;;;;2023-2024
João Félix;2143;10;6;5;0;88;37;42,0;27;67;11;32;12;18;;;0;;;;;;;2023-2024
Pedri;2023;4;5;3;0;19;8;42,1;13;32;1;14;17;32;;;0;;;;;;;2023-2024
Alejandro Balde;2001;1;1;2;0;8;2;25,0;13;26;4;65;6;14;;;0;;;;;;;2023-2024
Ferrán Torres;2000;11;3;5;0;63;24;38,1;12;25;21;52;5;12;;;0;;;;;;;2023-2024
Raphinha;1942;10;11;5;1;88;37;42,0;22;41;7;107;16;17;;;0;;;;;;;2023-2024
Pau Cubarsí;1924;0;1;6;0;4;0;0,0;17;2;0;1;13;22;;;0;;;;;;;2023-2024
Fermin López;1904;11;1;4;0;65;30;46,2;53;27;11;20;5;29;;;0;;;;;;;2023-2024
Iñigo Martínez;1625;0;0;7;0;8;1;12,5;15;13;1;5;17;6;;;0;;;;;;;2023-2024
Iñaki Peña;1560;0;0;0;0;0;0;;0;1;0;0;0;0;;;0;3;17,6;32;72;42;58,3;2023-2024
Oriol Romeu;1440;0;1;4;0;13;2;15,4;20;21;0;9;13;30;;;0;;;;;;;2023-2024
Sergi Roberto;1311;3;3;9;0;13;5;38,5;17;14;1;16;9;15;;;0;;;;;;;2023-2024
Gavi;1170;2;1;8;1;13;7;53,8;40;26;4;9;9;25;;;0;;;;;;;2023-2024
Héctor Fort;565;0;3;1;0;1;0;0,0;13;3;1;10;3;10;;;0;;;;;;;2023-2024
Marcos Alonso;391;0;0;0;0;4;3;75,0;10;7;0;22;6;3;;;0;;;;;;;2023-2024
Vitor Roque;364;2;0;4;1;15;7;46,7;13;12;2;3;1;2;;;0;;;;;;;2023-2024
Marc Guiu;185;2;0;2;0;10;4;40,0;4;5;1;0;0;0;;;0;;;;;;;2023-2024
Abde Ezzalzouli;68;0;0;0;0;4;1;25,0;1;3;0;7;0;1;;;0;;;;;;;2023-2024
Eric García;57;0;0;1;0;1;0;0,0;1;0;0;0;0;0;;;0;;;;;;;2023-2024
Ansu Fati;50;0;0;0;0;7;1;14,3;0;4;1;0;1;0;;;0;;;;;;;2023-2024
Marc Casado;39;0;0;0;0;0;0;;0;3;0;1;2;1;;;0;;;;;;;2023-2024
Ander Astralaga;;;;;;;;;;;;;;;;;;;;;;;;2023-2024
Aleix Garrido;;;;;;;;;;;;;;;;;;;;;;;;2023-2024
Ángel Alarcón;;;;;;;;;;;;;;;;;;;;;;;;2023-2024
Unai Hernandez;;;;;;;;;;;;;;;;;;;;;;;;2023-2024
Diego Kochen;;;;;;;;;;;;;;;;;;;;;;;;2023-2024
Mikayil Ngor Faye;;;;;;;;;;;;;;;;;;;;;;;;2023-2024
Pau Victor;;;;;;;;;;;;;;;;;;;;;;;;2023-2024
Pau Prim;;;;;;;;;;;;;;;;;;;;;;;;2023-2024
Áron Yaakobishvili;;;;;;;;;;;;;;;;;;;;;;;;2023-2024
Raphinha;4649;34;22;7;0;194;78;40,2;22;58;21;317;21;34;;;0;;;;;;;2024-2025
Pedri;4618;6;8;3;0;38;15;39,5;14;79;2;83;47;71;;;0;;;;;;;2024-2025
Lamine Yamal;4532;18;21;3;0;222;84;37,8;49;100;24;152;28;40;;;0;;;;;;;2024-2025
Jules Koundé;4418;4;8;6;0;30;11;36,7;41;32;8;95;38;55;;;0;;;;;;;2024-2025
Pau Cubarsí;4206;1;4;5;1;12;3;25,0;39;17;1;2;38;35;;;0;;;;;;;2024-2025
Iñigo Martínez;3967;3;5;9;0;19;5;26,3;29;36;0;15;31;29;;;0;;;;;;;2024-2025
Robert Lewandowski;3905;42;3;3;0;157;71;45,2;46;67;21;9;6;9;;;0;;;;;;;2024-2025
Alejandro Balde;3484;1;8;4;0;18;5;27,8;25;49;0;87;15;22;;;0;;;;;;;2024-2025
Wojciech Szczęsny;2725;0;0;0;1;0;0;;4;4;0;0;0;1;;;0;14;46,7;36;98;66;67,3;2024-2025
Frenkie de Jong;2499;2;2;7;0;10;4;40,0;33;30;0;7;33;27;;;0;;;;;;;2024-2025
Marc Casado;2443;1;6;5;1;20;2;10,0;47;47;0;11;27;51;;;0;;;;;;;2024-2025
Eric García;2119;5;3;4;1;21;12;57,1;33;14;0;8;28;28;;;0;;;;;;;2024-2025
Fermin López;2051;8;9;6;1;64;27;42,2;41;30;9;63;5;31;;;0;;;;;;;2024-2025
Iñaki Peña;1968;0;0;1;0;0;0;;0;0;0;0;0;0;;;0;6;28,6;25;65;43;67,7;2024-2025
Ferrán Torres;1933;19;7;2;1;74;36;48,6;8;25;9;23;5;6;;;0;;;;;;;2024-2025
Dani Olmo;1927;12;6;1;0;67;28;41,8;30;40;1;36;10;22;;;0;;;;;;;2024-2025
Gerard Martín;1805;1;6;4;0;8;2;25,0;23;17;0;60;29;26;;;0;;;;;;;2024-2025
Gavi;1691;3;2;6;0;17;4;23,5;47;39;1;13;17;31;;;0;;;;;;;2024-2025
Ronald Araújo;1562;2;2;4;0;11;5;45,5;19;5;0;0;15;16;;;1;;;;;;;2024-2025
Marc-André ter Stegen;764;0;0;0;0;0;0;;0;2;0;0;0;0;;;0;1;11,1;11;30;20;66,7;2024-2025
Héctor Fort;647;0;0;2;0;8;1;12,5;12;1;0;15;10;11;;;0;;;;;;;2024-2025
Pablo Torre;425;4;3;0;0;8;5;62,5;7;11;1;21;6;5;;;0;;;;;;;2024-2025
Pau Victor;397;2;1;3;0;16;9;56,3;10;3;0;3;3;2;;;0;;;;;;;2024-2025
Ansu Fati;303;0;0;1;0;16;7;43,8;3;3;2;1;1;1;;;0;;;;;;;2024-2025
Andreas Christensen;262;0;0;3;0;1;0;0,0;5;0;0;0;4;3;;;0;;;;;;;2024-2025
Marc Bernal;242;0;0;2;0;2;1;50,0;4;3;0;0;1;6;;;0;;;;;;;2024-2025
Sergi Dominguez;236;0;0;1;0;1;0;0,0;4;0;0;2;5;3;;;0;;;;;;;2024-2025
Daniel Rodriguez;37;0;0;0;0;2;0;0,0;0;0;0;3;0;0;;;0;;;;;;;2024-2025
Toni Fernández;10;0;0;0;0;0;0;;0;0;0;3;0;0;;;0;;;;;;;2024-2025
Andres Cuenca;7;0;0;0;0;0;0;;0;0;0;0;0;1;;;0;;;;;;;2024-2025
Áron Yaakobishvili;;;;;;;;;;;;;;;;;;;;;;;;2024-2025
Landry Farré;;;;;;;;;;;;;;;;;;;;;;;;2024-2025
Guillermo Fernandez;;;;;;;;;;;;;;;;;;;;;;;;2024-2025
Diego Kochen;;;;;;;;;;;;;;;;;;;;;;;;2024-2025
Ander Astralaga;;;;;;;;;;;;;;;;;;;;;;;;2024-2025
Noah Darvich;;;;;;;;;;;;;;;;;;;;;;;;2024-2025
Álex Valle;;;;;;;;;;;;;;;;;;;;;;;;2024-2025
Alexis Olmedo;;;;;;;;;;;;;;;;;;;;;;;;2024-2025
Álvaro Cortés;;;;;;;;;;;;;;;;;;;;;;;;2024-2025
