ID_Partido,Fecha,Temporada,Rival,URL_FBref
55,2004-10-16,2004-2005,Espanyol,https://fbref.com/en/matches/b8462dd0/Espanyol-Barcelona-October-16-2004-La-Liga
57,2004-10-24,2004-2005,Osasuna,https://fbref.com/en/matches/02ff8c7d/Barcelona-Osasuna-October-24-2004-La-Liga
65,2004-12-04,2004-2005,Málaga,https://fbref.com/en/matches/b8902695/Barcelona-Malaga-December-4-2004-La-Liga
67,2004-12-11,2004-2005,Albacete,https://fbref.com/en/matches/d7ec258e/Albacete-Barcelona-December-11-2004-La-Liga
69,2004-12-21,2004-2005,Levante,https://fbref.com/en/matches/473c4f44/Barcelona-Levante-December-21-2004-La-Liga
86,2005-04-17,2004-2005,Getafe,https://fbref.com/en/matches/859bc6ad/Barcelona-Getafe-April-17-2005-La-Liga
88,2005-05-01,2004-2005,Albacete,https://fbref.com/en/matches/aabdac12/Barcelona-Albacete-May-1-2005-La-Liga
100,2005-10-01,2005-2006,Zaragoza,https://fbref.com/en/matches/f95b6bca/Barcelona-Zaragoza-October-1-2005-La-Liga
103,2005-10-22,2005-2006,Osasuna,https://fbref.com/en/matches/2688fc0f/Barcelona-Osasuna-October-22-2005-La-Liga
104,2005-10-26,2005-2006,Málaga,https://fbref.com/en/matches/2bd06fc0/Barcelona-Malaga-October-26-2005-La-Liga
107,2005-11-06,2005-2006,Getafe,https://fbref.com/en/matches/dcbf593d/Getafe-Barcelona-November-6-2005-La-Liga
108,2005-11-19,2005-2006,Real Madrid,https://fbref.com/en/matches/332d0527/El-Clasico-Real-Madrid-Barcelona-November-19-2005-La-Liga
110,2005-11-27,2005-2006,Racing Sant,https://fbref.com/en/matches/8472ed19/Barcelona-Racing-Santander-November-27-2005-La-Liga
111,2005-12-04,2005-2006,Villarreal,https://fbref.com/en/matches/85e189ac/Villarreal-Barcelona-December-4-2005-La-Liga
113,2005-12-11,2005-2006,Sevilla,https://fbref.com/en/matches/26fed2f9/Barcelona-Sevilla-December-11-2005-La-Liga
114,2005-12-17,2005-2006,Cádiz,https://fbref.com/en/matches/b4b2f07b/Cadiz-Barcelona-December-17-2005-La-Liga
115,2005-12-20,2005-2006,Celta Vigo,https://fbref.com/en/matches/3360a947/Barcelona-Celta-Vigo-December-20-2005-La-Liga
116,2006-01-07,2005-2006,Espanyol,https://fbref.com/en/matches/af130ed7/Espanyol-Barcelona-January-7-2006-La-Liga
117,2006-01-15,2005-2006,Athletic Club,https://fbref.com/en/matches/43a0e664/Barcelona-Athletic-Club-January-15-2006-La-Liga
118,2006-01-22,2005-2006,Alavés,https://fbref.com/en/matches/ab1c6013/Barcelona-Alaves-January-22-2006-La-Liga
119,2006-01-29,2005-2006,Mallorca,https://fbref.com/en/matches/d94fe859/Mallorca-Barcelona-January-29-2006-La-Liga
120,2006-02-05,2005-2006,Atlético Madrid,https://fbref.com/en/matches/aff2a4f6/Barcelona-Atletico-Madrid-February-5-2006-La-Liga
122,2006-02-18,2005-2006,Real Betis,https://fbref.com/en/matches/3a2b14c9/Barcelona-Real-Betis-February-18-2006-La-Liga
124,2006-02-25,2005-2006,Zaragoza,https://fbref.com/en/matches/f528e9c2/Zaragoza-Barcelona-February-25-2006-La-Liga
144,2006-08-28,2006-2007,Celta Vigo,https://fbref.com/en/matches/7811e6f4/Celta-Vigo-Barcelona-August-28-2006-La-Liga
145,2006-09-09,2006-2007,Osasuna,https://fbref.com/en/matches/5c7a478f/Barcelona-Osasuna-September-9-2006-La-Liga
147,2006-09-17,2006-2007,Racing Sant,https://fbref.com/en/matches/1244cbd4/Racing-Santander-Barcelona-September-17-2006-La-Liga
148,2006-09-24,2006-2007,Valencia,https://fbref.com/en/matches/23e84f5d/Barcelona-Valencia-September-24-2006-La-Liga
150,2006-09-30,2006-2007,Athletic Club,https://fbref.com/en/matches/1fb5842d/Athletic-Club-Barcelona-September-30-2006-La-Liga
151,2006-10-15,2006-2007,Sevilla,https://fbref.com/en/matches/887ee395/Barcelona-Sevilla-October-15-2006-La-Liga
153,2006-10-22,2006-2007,Real Madrid,https://fbref.com/en/matches/5775fe9c/El-Clasico-Real-Madrid-Barcelona-October-22-2006-La-Liga
156,2006-11-04,2006-2007,Dep La Coruña,https://fbref.com/en/matches/20bc8d8f/Deportivo-La-Coruna-Barcelona-November-4-2006-La-Liga
157,2006-11-12,2006-2007,Zaragoza,https://fbref.com/en/matches/c7ac3f12/Barcelona-Zaragoza-November-12-2006-La-Liga
171,2007-02-11,2006-2007,Racing Sant,https://fbref.com/en/matches/7ad410f8/Barcelona-Racing-Santander-February-11-2007-La-Liga
172,2007-02-18,2006-2007,Valencia,https://fbref.com/en/matches/fd09accd/Valencia-Barcelona-February-18-2007-La-Liga
174,2007-02-25,2006-2007,Athletic Club,https://fbref.com/en/matches/4eb946d7/Barcelona-Athletic-Club-February-25-2007-La-Liga
175,2007-03-03,2006-2007,Sevilla,https://fbref.com/en/matches/31affdf9/Sevilla-Barcelona-March-3-2007-La-Liga
177,2007-03-10,2006-2007,Real Madrid,https://fbref.com/en/matches/a0963463/El-Clasico-Barcelona-Real-Madrid-March-10-2007-La-Liga
178,2007-03-17,2006-2007,Recreativo,https://fbref.com/en/matches/03ff4dbc/Recreativo-Barcelona-March-17-2007-La-Liga
179,2007-03-31,2006-2007,Dep La Coruña,https://fbref.com/en/matches/a9c41d01/Barcelona-Deportivo-La-Coruna-March-31-2007-La-Liga
180,2007-04-07,2006-2007,Zaragoza,https://fbref.com/en/matches/f3031119/Zaragoza-Barcelona-April-7-2007-La-Liga
181,2007-04-15,2006-2007,Mallorca,https://fbref.com/en/matches/1bec7e0a/Barcelona-Mallorca-April-15-2007-La-Liga
182,2007-04-22,2006-2007,Villarreal,https://fbref.com/en/matches/2ca92ee0/Villarreal-Barcelona-April-22-2007-La-Liga
183,2007-04-29,2006-2007,Levante,https://fbref.com/en/matches/0189d722/Barcelona-Levante-April-29-2007-La-Liga
184,2007-05-05,2006-2007,Real Sociedad,https://fbref.com/en/matches/711370be/Real-Sociedad-Barcelona-May-5-2007-La-Liga
185,2007-05-13,2006-2007,Real Betis,https://fbref.com/en/matches/6e309b0f/Barcelona-Real-Betis-May-13-2007-La-Liga
186,2007-05-20,2006-2007,Atlético Madrid,https://fbref.com/en/matches/a34392cc/Atletico-Madrid-Barcelona-May-20-2007-La-Liga
187,2007-05-26,2006-2007,Getafe,https://fbref.com/en/matches/7b7b2e07/Barcelona-Getafe-May-26-2007-La-Liga
188,2007-06-09,2006-2007,Espanyol,https://fbref.com/en/matches/e02bec77/Barcelona-Espanyol-June-9-2007-La-Liga
189,2007-06-17,2006-2007,Gimnàstic,https://fbref.com/en/matches/8260eb59/Gimnastic-Barcelona-June-17-2007-La-Liga
190,2007-08-26,2007-2008,Racing Sant,https://fbref.com/en/matches/aac0e735/Racing-Santander-Barcelona-August-26-2007-La-Liga
191,2007-09-02,2007-2008,Athletic Club,https://fbref.com/en/matches/5013416b/Barcelona-Athletic-Club-September-2-2007-La-Liga
194,2007-09-22,2007-2008,Sevilla,https://fbref.com/en/matches/8a472826/Barcelona-Sevilla-September-22-2007-La-Liga
195,2007-09-26,2007-2008,Zaragoza,https://fbref.com/en/matches/9a52cbfa/Barcelona-Zaragoza-September-26-2007-La-Liga
196,2007-09-29,2007-2008,Levante,https://fbref.com/en/matches/e374fd28/Levante-Barcelona-September-29-2007-La-Liga
198,2007-10-07,2007-2008,Atlético Madrid,https://fbref.com/en/matches/65b0acde/Barcelona-Atletico-Madrid-October-7-2007-La-Liga
199,2007-10-20,2007-2008,Villarreal,https://fbref.com/en/matches/4bfebc75/Villarreal-Barcelona-October-20-2007-La-Liga
201,2007-10-28,2007-2008,Almería,https://fbref.com/en/matches/1c974be0/Barcelona-Almeria-October-28-2007-La-Liga
202,2007-11-01,2007-2008,Valladolid,https://fbref.com/en/matches/a8a850d9/Valladolid-Barcelona-November-1-2007-La-Liga
203,2007-11-04,2007-2008,Real Betis,https://fbref.com/en/matches/f27541cc/Barcelona-Real-Betis-November-4-2007-La-Liga
205,2007-11-10,2007-2008,Getafe,https://fbref.com/en/matches/b3da1eae/Getafe-Barcelona-November-10-2007-La-Liga
206,2007-11-24,2007-2008,Recreativo,https://fbref.com/en/matches/962fe4c1/Barcelona-Recreativo-November-24-2007-La-Liga
208,2007-12-01,2007-2008,Espanyol,https://fbref.com/en/matches/e3d267b8/Espanyol-Barcelona-December-1-2007-La-Liga
209,2007-12-09,2007-2008,Dep La Coruña,https://fbref.com/en/matches/f64d6576/Barcelona-Deportivo-La-Coruna-December-9-2007-La-Liga
211,2007-12-15,2007-2008,Valencia,https://fbref.com/en/matches/e547045d/Valencia-Barcelona-December-15-2007-La-Liga
215,2008-01-20,2007-2008,Racing Sant,https://fbref.com/en/matches/436557e8/Barcelona-Racing-Santander-January-20-2008-La-Liga
216,2008-01-27,2007-2008,Athletic Club,https://fbref.com/en/matches/f36b1d94/Athletic-Club-Barcelona-January-27-2008-La-Liga
217,2008-02-03,2007-2008,Osasuna,https://fbref.com/en/matches/d9dc216c/Barcelona-Osasuna-February-3-2008-La-Liga
218,2008-02-09,2007-2008,Sevilla,https://fbref.com/en/matches/420e7152/Sevilla-Barcelona-February-9-2008-La-Liga
219,2008-02-16,2007-2008,Zaragoza,https://fbref.com/en/matches/c9de8262/Zaragoza-Barcelona-February-16-2008-La-Liga
221,2008-02-24,2007-2008,Levante,https://fbref.com/en/matches/698fdaac/Barcelona-Levante-February-24-2008-La-Liga
222,2008-03-01,2007-2008,Atlético Madrid,https://fbref.com/en/matches/9a936a6f/Atletico-Madrid-Barcelona-March-1-2008-La-Liga
231,2008-04-12,2007-2008,Recreativo,https://fbref.com/en/matches/751d88ff/Recreativo-Barcelona-April-12-2008-La-Liga
232,2008-04-19,2007-2008,Espanyol,https://fbref.com/en/matches/7d5f5de1/Barcelona-Espanyol-April-19-2008-La-Liga
236,2008-05-04,2007-2008,Valencia,https://fbref.com/en/matches/6eb81938/Barcelona-Valencia-May-4-2008-La-Liga
237,2008-05-07,2007-2008,Real Madrid,https://fbref.com/en/matches/92544cf1/El-Clasico-Real-Madrid-Barcelona-May-7-2008-La-Liga
238,2008-05-11,2007-2008,Mallorca,https://fbref.com/en/matches/e4ec19be/Barcelona-Mallorca-May-11-2008-La-Liga
239,2008-05-17,2007-2008,Real Murcia,https://fbref.com/en/matches/73377fa9/Real-Murcia-Barcelona-May-17-2008-La-Liga
242,2008-08-31,2008-2009,Numancia,https://fbref.com/en/matches/292ead0c/Numancia-Barcelona-August-31-2008-La-Liga
243,2008-09-13,2008-2009,Racing Sant,https://fbref.com/en/matches/8c0ca832/Barcelona-Racing-Santander-September-13-2008-La-Liga
245,2008-09-21,2008-2009,Sporting Gijón,https://fbref.com/en/matches/586638d7/Sporting-Gijon-Barcelona-September-21-2008-La-Liga
246,2008-09-24,2008-2009,Real Betis,https://fbref.com/en/matches/8c5116d8/Barcelona-Real-Betis-September-24-2008-La-Liga
247,2008-09-27,2008-2009,Espanyol,https://fbref.com/en/matches/e17b5dfe/Espanyol-Barcelona-September-27-2008-La-Liga
249,2008-10-04,2008-2009,Atlético Madrid,https://fbref.com/en/matches/bfd028ae/Barcelona-Atletico-Madrid-October-4-2008-La-Liga
252,2008-10-25,2008-2009,Almería,https://fbref.com/en/matches/d3160364/Barcelona-Almeria-October-25-2008-La-Liga
253,2008-11-01,2008-2009,Málaga,https://fbref.com/en/matches/362dd736/Malaga-Barcelona-November-1-2008-La-Liga
255,2008-11-08,2008-2009,Valladolid,https://fbref.com/en/matches/f53ef8bc/Barcelona-Valladolid-November-8-2008-La-Liga
256,2008-11-16,2008-2009,Recreativo,https://fbref.com/en/matches/8d9f6ab4/Recreativo-Barcelona-November-16-2008-La-Liga
259,2008-11-29,2008-2009,Sevilla,https://fbref.com/en/matches/17b67346/Sevilla-Barcelona-November-29-2008-La-Liga
260,2008-12-06,2008-2009,Valencia,https://fbref.com/en/matches/963e3749/Barcelona-Valencia-December-6-2008-La-Liga
262,2008-12-13,2008-2009,Real Madrid,https://fbref.com/en/matches/6b9bf4b5/El-Clasico-Barcelona-Real-Madrid-December-13-2008-La-Liga
263,2008-12-21,2008-2009,Villarreal,https://fbref.com/en/matches/d4fbcc34/Villarreal-Barcelona-December-21-2008-La-Liga
265,2009-01-11,2008-2009,Osasuna,https://fbref.com/en/matches/64d95173/Osasuna-Barcelona-January-11-2009-La-Liga
266,2009-01-17,2008-2009,Dep La Coruña,https://fbref.com/en/matches/ecebb247/Barcelona-Deportivo-La-Coruna-January-17-2009-La-Liga
267,2009-01-24,2008-2009,Numancia,https://fbref.com/en/matches/1ec2a407/Barcelona-Numancia-January-24-2009-La-Liga
268,2009-02-01,2008-2009,Racing Sant,https://fbref.com/en/matches/fe9983b8/Racing-Santander-Barcelona-February-1-2009-La-Liga
269,2009-02-08,2008-2009,Sporting Gijón,https://fbref.com/en/matches/2360a0d0/Barcelona-Sporting-Gijon-February-8-2009-La-Liga
270,2009-02-14,2008-2009,Real Betis,https://fbref.com/en/matches/ad841534/Real-Betis-Barcelona-February-14-2009-La-Liga
271,2009-02-21,2008-2009,Espanyol,https://fbref.com/en/matches/3236a502/Barcelona-Espanyol-February-21-2009-La-Liga
273,2009-03-01,2008-2009,Atlético Madrid,https://fbref.com/en/matches/18d0199c/Atletico-Madrid-Barcelona-March-1-2009-La-Liga
274,2009-03-07,2008-2009,Athletic Club,https://fbref.com/en/matches/1158b057/Barcelona-Athletic-Club-March-7-2009-La-Liga
276,2009-03-15,2008-2009,Almería,https://fbref.com/en/matches/11d18b3b/Almeria-Barcelona-March-15-2009-La-Liga
277,2009-03-22,2008-2009,Málaga,https://fbref.com/en/matches/161906ec/Barcelona-Malaga-March-22-2009-La-Liga
278,2009-04-04,2008-2009,Valladolid,https://fbref.com/en/matches/e92c1383/Valladolid-Barcelona-April-4-2009-La-Liga
280,2009-04-11,2008-2009,Recreativo,https://fbref.com/en/matches/b0fc88df/Barcelona-Recreativo-April-11-2009-La-Liga
282,2009-04-18,2008-2009,Getafe,https://fbref.com/en/matches/1d43e14a/Getafe-Barcelona-April-18-2009-La-Liga
284,2009-04-25,2008-2009,Valencia,https://fbref.com/en/matches/947f1398/Valencia-Barcelona-April-25-2009-La-Liga
286,2009-05-02,2008-2009,Real Madrid,https://fbref.com/en/matches/1d73a385/El-Clasico-Real-Madrid-Barcelona-May-2-2009-La-Liga
288,2009-05-10,2008-2009,Villarreal,https://fbref.com/en/matches/d5b24a69/Barcelona-Villarreal-May-10-2009-La-Liga
291,2009-05-27,2008-2009,Manchester Utd,https://fbref.com/en/matches/2fdd4a16/Barcelona-Manchester-United-May-27-2009-Champions-League
294,2009-09-12,2009-2010,Getafe,https://fbref.com/en/matches/74a835f7/Getafe-Barcelona-September-12-2009-La-Liga
296,2009-09-19,2009-2010,Atlético Madrid,https://fbref.com/en/matches/1b5dfb56/Barcelona-Atletico-Madrid-September-19-2009-La-Liga
297,2009-09-22,2009-2010,Racing Sant,https://fbref.com/en/matches/b0119990/Racing-Santander-Barcelona-September-22-2009-La-Liga
298,2009-09-26,2009-2010,Málaga,https://fbref.com/en/matches/e41d4990/Malaga-Barcelona-September-26-2009-La-Liga
300,2009-10-03,2009-2010,Almería,https://fbref.com/en/matches/a5d0ad60/Barcelona-Almeria-October-3-2009-La-Liga
301,2009-10-17,2009-2010,Valencia,https://fbref.com/en/matches/68a14819/Valencia-Barcelona-October-17-2009-La-Liga
303,2009-10-25,2009-2010,Zaragoza,https://fbref.com/en/matches/0c16a2cb/Barcelona-Zaragoza-October-25-2009-La-Liga
304,2009-10-31,2009-2010,Osasuna,https://fbref.com/en/matches/bc8553ff/Osasuna-Barcelona-October-31-2009-La-Liga
306,2009-11-07,2009-2010,Mallorca,https://fbref.com/en/matches/96087bc2/Barcelona-Mallorca-November-7-2009-La-Liga
307,2009-11-21,2009-2010,Athletic Club,https://fbref.com/en/matches/735b2e30/Athletic-Club-Barcelona-November-21-2009-La-Liga
309,2009-11-29,2009-2010,Real Madrid,https://fbref.com/en/matches/fd9adae1/El-Clasico-Barcelona-Real-Madrid-November-29-2009-La-Liga
310,2009-12-02,2009-2010,Xerez,https://fbref.com/en/matches/93bd649d/Xerez-Barcelona-December-2-2009-La-Liga
311,2009-12-05,2009-2010,Dep La Coruña,https://fbref.com/en/matches/92361843/Deportivo-La-Coruna-Barcelona-December-5-2009-La-Liga
315,2010-01-10,2009-2010,Tenerife,https://fbref.com/en/matches/b02e6480/Tenerife-Barcelona-January-10-2010-La-Liga
316,2010-01-16,2009-2010,Sevilla,https://fbref.com/en/matches/81d21dff/Barcelona-Sevilla-January-16-2010-La-Liga
317,2010-01-23,2009-2010,Valladolid,https://fbref.com/en/matches/6e9c6050/Valladolid-Barcelona-January-23-2010-La-Liga
318,2010-01-30,2009-2010,Sporting Gijón,https://fbref.com/en/matches/15e8a115/Sporting-Gijon-Barcelona-January-30-2010-La-Liga
319,2010-02-06,2009-2010,Getafe,https://fbref.com/en/matches/17b5c72d/Barcelona-Getafe-February-6-2010-La-Liga
320,2010-02-14,2009-2010,Atlético Madrid,https://fbref.com/en/matches/a54d816d/Atletico-Madrid-Barcelona-February-14-2010-La-Liga
321,2010-02-20,2009-2010,Racing Sant,https://fbref.com/en/matches/6fe7b42a/Barcelona-Racing-Santander-February-20-2010-La-Liga
323,2010-02-27,2009-2010,Málaga,https://fbref.com/en/matches/68f396b3/Barcelona-Malaga-February-27-2010-La-Liga
324,2010-03-06,2009-2010,Almería,https://fbref.com/en/matches/340cd136/Almeria-Barcelona-March-6-2010-La-Liga
325,2010-03-14,2009-2010,Valencia,https://fbref.com/en/matches/48a839b2/Barcelona-Valencia-March-14-2010-La-Liga
327,2010-03-21,2009-2010,Zaragoza,https://fbref.com/en/matches/d37d080b/Zaragoza-Barcelona-March-21-2010-La-Liga
328,2010-03-24,2009-2010,Osasuna,https://fbref.com/en/matches/dde79982/Barcelona-Osasuna-March-24-2010-La-Liga
329,2010-03-27,2009-2010,Mallorca,https://fbref.com/en/matches/3a74075a/Mallorca-Barcelona-March-27-2010-La-Liga
331,2010-04-03,2009-2010,Athletic Club,https://fbref.com/en/matches/d40fcd9d/Barcelona-Athletic-Club-April-3-2010-La-Liga
333,2010-04-10,2009-2010,Real Madrid,https://fbref.com/en/matches/f962d83e/El-Clasico-Real-Madrid-Barcelona-April-10-2010-La-Liga
334,2010-04-14,2009-2010,Dep La Coruña,https://fbref.com/en/matches/58342c49/Barcelona-Deportivo-La-Coruna-April-14-2010-La-Liga
335,2010-04-17,2009-2010,Espanyol,https://fbref.com/en/matches/36278a36/Espanyol-Barcelona-April-17-2010-La-Liga
337,2010-04-24,2009-2010,Xerez,https://fbref.com/en/matches/1585a42f/Barcelona-Xerez-April-24-2010-La-Liga
339,2010-05-01,2009-2010,Villarreal,https://fbref.com/en/matches/41dcac02/Villarreal-Barcelona-May-1-2010-La-Liga
340,2010-05-04,2009-2010,Tenerife,https://fbref.com/en/matches/e91dd1c7/Barcelona-Tenerife-May-4-2010-La-Liga
341,2010-05-08,2009-2010,Sevilla,https://fbref.com/en/matches/91b93a80/Sevilla-Barcelona-May-8-2010-La-Liga
342,2010-05-16,2009-2010,Valladolid,https://fbref.com/en/matches/a6fb827d/Barcelona-Valladolid-May-16-2010-La-Liga
343,2010-08-29,2010-2011,Racing Sant,https://fbref.com/en/matches/5f1cbf02/Racing-Santander-Barcelona-August-29-2010-La-Liga
344,2010-09-11,2010-2011,Hércules,https://fbref.com/en/matches/6ef9b5cd/Barcelona-Hercules-September-11-2010-La-Liga
346,2010-09-19,2010-2011,Atlético Madrid,https://fbref.com/en/matches/066c4d11/Atletico-Madrid-Barcelona-September-19-2010-La-Liga
350,2010-10-03,2010-2011,Mallorca,https://fbref.com/en/matches/6968e572/Barcelona-Mallorca-October-3-2010-La-Liga
351,2010-10-16,2010-2011,Valencia,https://fbref.com/en/matches/170ff58a/Barcelona-Valencia-October-16-2010-La-Liga
353,2010-10-23,2010-2011,Zaragoza,https://fbref.com/en/matches/9d14cda3/Zaragoza-Barcelona-October-23-2010-La-Liga
354,2010-10-30,2010-2011,Sevilla,https://fbref.com/en/matches/96368aa0/Barcelona-Sevilla-October-30-2010-La-Liga
356,2010-11-07,2010-2011,Getafe,https://fbref.com/en/matches/3ef1f1eb/Getafe-Barcelona-November-7-2010-La-Liga
357,2010-11-13,2010-2011,Villarreal,https://fbref.com/en/matches/c18cddc3/Barcelona-Villarreal-November-13-2010-La-Liga
358,2010-11-20,2010-2011,Almería,https://fbref.com/en/matches/89cb7f5f/Almeria-Barcelona-November-20-2010-La-Liga
360,2010-11-29,2010-2011,Real Madrid,https://fbref.com/en/matches/84365d11/El-Clasico-Barcelona-Real-Madrid-November-29-2010-La-Liga
361,2010-12-04,2010-2011,Osasuna,https://fbref.com/en/matches/d9ef0502/Osasuna-Barcelona-December-4-2010-La-Liga
363,2010-12-12,2010-2011,Real Sociedad,https://fbref.com/en/matches/3e9c6312/Barcelona-Real-Sociedad-December-12-2010-La-Liga
364,2010-12-18,2010-2011,Espanyol,https://fbref.com/en/matches/c0441239/Espanyol-Barcelona-December-18-2010-La-Liga
366,2011-01-08,2010-2011,Dep La Coruña,https://fbref.com/en/matches/e9a8ca40/Deportivo-La-Coruna-Barcelona-January-8-2011-La-Liga
367,2011-01-16,2010-2011,Málaga,https://fbref.com/en/matches/5c75d571/Barcelona-Malaga-January-16-2011-La-Liga
368,2011-01-22,2010-2011,Racing Sant,https://fbref.com/en/matches/324b04fd/Barcelona-Racing-Santander-January-22-2011-La-Liga
369,2011-01-29,2010-2011,Hércules,https://fbref.com/en/matches/dfcfe8c9/Hercules-Barcelona-January-29-2011-La-Liga
370,2011-02-05,2010-2011,Atlético Madrid,https://fbref.com/en/matches/2606446d/Barcelona-Atletico-Madrid-February-5-2011-La-Liga
371,2011-02-12,2010-2011,Sporting Gijón,https://fbref.com/en/matches/4e4c8380/Sporting-Gijon-Barcelona-February-12-2011-La-Liga
373,2011-02-20,2010-2011,Athletic Club,https://fbref.com/en/matches/1dcdd799/Barcelona-Athletic-Club-February-20-2011-La-Liga
374,2011-02-26,2010-2011,Mallorca,https://fbref.com/en/matches/d5e941a0/Mallorca-Barcelona-February-26-2011-La-Liga
375,2011-03-02,2010-2011,Valencia,https://fbref.com/en/matches/19c37bbf/Valencia-Barcelona-March-2-2011-La-Liga
376,2011-03-05,2010-2011,Zaragoza,https://fbref.com/en/matches/df4735a1/Barcelona-Zaragoza-March-5-2011-La-Liga
378,2011-03-13,2010-2011,Sevilla,https://fbref.com/en/matches/92a260fc/Sevilla-Barcelona-March-13-2011-La-Liga
379,2011-03-19,2010-2011,Getafe,https://fbref.com/en/matches/7526d308/Barcelona-Getafe-March-19-2011-La-Liga
380,2011-04-02,2010-2011,Villarreal,https://fbref.com/en/matches/e8944294/Villarreal-Barcelona-April-2-2011-La-Liga
382,2011-04-09,2010-2011,Almería,https://fbref.com/en/matches/e8430d16/Barcelona-Almeria-April-9-2011-La-Liga
384,2011-04-16,2010-2011,Real Madrid,https://fbref.com/en/matches/3f42e926/El-Clasico-Real-Madrid-Barcelona-April-16-2011-La-Liga
385,2011-04-23,2010-2011,Osasuna,https://fbref.com/en/matches/8808d563/Barcelona-Osasuna-April-23-2011-La-Liga
387,2011-04-30,2010-2011,Real Sociedad,https://fbref.com/en/matches/bfff50a4/Real-Sociedad-Barcelona-April-30-2011-La-Liga
389,2011-05-08,2010-2011,Espanyol,https://fbref.com/en/matches/074eced5/Barcelona-Espanyol-May-8-2011-La-Liga
390,2011-05-11,2010-2011,Levante,https://fbref.com/en/matches/c6e581e8/Levante-Barcelona-May-11-2011-La-Liga
393,2011-05-28,2010-2011,Manchester Utd,https://fbref.com/en/matches/09f93bb8/Barcelona-Manchester-United-May-28-2011-Champions-League
394,2011-08-29,2011-2012,Villarreal,https://fbref.com/en/matches/b237ba8f/Barcelona-Villarreal-August-29-2011-La-Liga
395,2011-09-10,2011-2012,Real Sociedad,https://fbref.com/en/matches/4b0ec94f/Real-Sociedad-Barcelona-September-10-2011-La-Liga
397,2011-09-17,2011-2012,Osasuna,https://fbref.com/en/matches/e09b2e58/Barcelona-Osasuna-September-17-2011-La-Liga
398,2011-09-21,2011-2012,Valencia,https://fbref.com/en/matches/7ef60288/Valencia-Barcelona-September-21-2011-La-Liga
399,2011-09-24,2011-2012,Atlético Madrid,https://fbref.com/en/matches/161108b2/Barcelona-Atletico-Madrid-September-24-2011-La-Liga
401,2011-10-02,2011-2012,Sporting Gijón,https://fbref.com/en/matches/93266084/Sporting-Gijon-Barcelona-October-2-2011-La-Liga
402,2011-10-15,2011-2012,Racing Sant,https://fbref.com/en/matches/9ad1fe34/Barcelona-Racing-Santander-October-15-2011-La-Liga
404,2011-10-22,2011-2012,Sevilla,https://fbref.com/en/matches/43197bde/Barcelona-Sevilla-October-22-2011-La-Liga
405,2011-10-25,2011-2012,Granada,https://fbref.com/en/matches/46ab6e18/Granada-Barcelona-October-25-2011-La-Liga
406,2011-10-29,2011-2012,Mallorca,https://fbref.com/en/matches/aaa03688/Barcelona-Mallorca-October-29-2011-La-Liga
408,2011-11-06,2011-2012,Athletic Club,https://fbref.com/en/matches/353d3d64/Athletic-Club-Barcelona-November-6-2011-La-Liga
409,2011-11-19,2011-2012,Zaragoza,https://fbref.com/en/matches/ca1e9a82/Barcelona-Zaragoza-November-19-2011-La-Liga
411,2011-11-26,2011-2012,Getafe,https://fbref.com/en/matches/0c986771/Getafe-Barcelona-November-26-2011-La-Liga
412,2011-11-29,2011-2012,Rayo Vallecano,https://fbref.com/en/matches/03051e5a/Barcelona-Rayo-Vallecano-November-29-2011-La-Liga
413,2011-12-03,2011-2012,Levante,https://fbref.com/en/matches/89dfbd32/Barcelona-Levante-December-3-2011-La-Liga
415,2011-12-10,2011-2012,Real Madrid,https://fbref.com/en/matches/3b1c7d40/El-Clasico-Real-Madrid-Barcelona-December-10-2011-La-Liga
416,2012-01-08,2011-2012,Espanyol,https://fbref.com/en/matches/3bfa87bb/Espanyol-Barcelona-January-8-2012-La-Liga
417,2012-01-15,2011-2012,Real Betis,https://fbref.com/en/matches/fe19b0ca/Barcelona-Real-Betis-January-15-2012-La-Liga
418,2012-01-22,2011-2012,Málaga,https://fbref.com/en/matches/579f4567/Malaga-Barcelona-January-22-2012-La-Liga
419,2012-01-28,2011-2012,Villarreal,https://fbref.com/en/matches/d0cc27cb/Villarreal-Barcelona-January-28-2012-La-Liga
420,2012-02-04,2011-2012,Real Sociedad,https://fbref.com/en/matches/d0b16637/Barcelona-Real-Sociedad-February-4-2012-La-Liga
421,2012-02-11,2011-2012,Osasuna,https://fbref.com/en/matches/e9878af0/Osasuna-Barcelona-February-11-2012-La-Liga
423,2012-02-19,2011-2012,Valencia,https://fbref.com/en/matches/c0897f2a/Barcelona-Valencia-February-19-2012-La-Liga
424,2012-02-26,2011-2012,Atlético Madrid,https://fbref.com/en/matches/dbdc7d9d/Atletico-Madrid-Barcelona-February-26-2012-La-Liga
427,2012-03-11,2011-2012,Racing Sant,https://fbref.com/en/matches/0c70168c/Racing-Santander-Barcelona-March-11-2012-La-Liga
428,2012-03-17,2011-2012,Sevilla,https://fbref.com/en/matches/247d6c42/Sevilla-Barcelona-March-17-2012-La-Liga
429,2012-03-20,2011-2012,Granada,https://fbref.com/en/matches/79161989/Barcelona-Granada-March-20-2012-La-Liga
430,2012-03-24,2011-2012,Mallorca,https://fbref.com/en/matches/21edd9eb/Mallorca-Barcelona-March-24-2012-La-Liga
432,2012-03-31,2011-2012,Athletic Club,https://fbref.com/en/matches/38675a2a/Barcelona-Athletic-Club-March-31-2012-La-Liga
434,2012-04-07,2011-2012,Zaragoza,https://fbref.com/en/matches/c9c6fd92/Zaragoza-Barcelona-April-7-2012-La-Liga
435,2012-04-10,2011-2012,Getafe,https://fbref.com/en/matches/b7df7477/Barcelona-Getafe-April-10-2012-La-Liga
436,2012-04-14,2011-2012,Levante,https://fbref.com/en/matches/acc8edc5/Levante-Barcelona-April-14-2012-La-Liga
438,2012-04-21,2011-2012,Real Madrid,https://fbref.com/en/matches/a8c2a4e2/El-Clasico-Barcelona-Real-Madrid-April-21-2012-La-Liga
440,2012-04-29,2011-2012,Rayo Vallecano,https://fbref.com/en/matches/43606ec5/Rayo-Vallecano-Barcelona-April-29-2012-La-Liga
441,2012-05-02,2011-2012,Málaga,https://fbref.com/en/matches/1126805d/Barcelona-Malaga-May-2-2012-La-Liga
442,2012-05-05,2011-2012,Espanyol,https://fbref.com/en/matches/0de2b901/Barcelona-Espanyol-May-5-2012-La-Liga
443,2012-05-12,2011-2012,Real Betis,https://fbref.com/en/matches/b248ebea/Real-Betis-Barcelona-May-12-2012-La-Liga
444,2012-08-19,2012-2013,Real Sociedad,https://fbref.com/en/matches/166bae5b/Barcelona-Real-Sociedad-August-19-2012-La-Liga
445,2012-08-26,2012-2013,Osasuna,https://fbref.com/en/matches/0c1c63d2/Osasuna-Barcelona-August-26-2012-La-Liga
446,2012-09-02,2012-2013,Valencia,https://fbref.com/en/matches/cf1298a1/Barcelona-Valencia-September-2-2012-La-Liga
447,2012-09-15,2012-2013,Getafe,https://fbref.com/en/matches/ef65783d/Getafe-Barcelona-September-15-2012-La-Liga
449,2012-09-22,2012-2013,Granada,https://fbref.com/en/matches/92946a21/Barcelona-Granada-September-22-2012-La-Liga
450,2012-09-29,2012-2013,Sevilla,https://fbref.com/en/matches/e79258c9/Sevilla-Barcelona-September-29-2012-La-Liga
452,2012-10-07,2012-2013,Real Madrid,https://fbref.com/en/matches/51e29674/El-Clasico-Barcelona-Real-Madrid-October-7-2012-La-Liga
453,2012-10-20,2012-2013,Dep La Coruña,https://fbref.com/en/matches/ca96c21f/Deportivo-La-Coruna-Barcelona-October-20-2012-La-Liga
455,2012-10-27,2012-2013,Rayo Vallecano,https://fbref.com/en/matches/079b743e/Rayo-Vallecano-Barcelona-October-27-2012-La-Liga
456,2012-11-03,2012-2013,Celta Vigo,https://fbref.com/en/matches/2e2ca5e0/Barcelona-Celta-Vigo-November-3-2012-La-Liga
458,2012-11-11,2012-2013,Mallorca,https://fbref.com/en/matches/552dbb84/Mallorca-Barcelona-November-11-2012-La-Liga
459,2012-11-17,2012-2013,Zaragoza,https://fbref.com/en/matches/66eaf565/Barcelona-Zaragoza-November-17-2012-La-Liga
461,2012-11-25,2012-2013,Levante,https://fbref.com/en/matches/42a0e542/Levante-Barcelona-November-25-2012-La-Liga
462,2012-12-01,2012-2013,Athletic Club,https://fbref.com/en/matches/b159bc7f/Barcelona-Athletic-Club-December-1-2012-La-Liga
464,2012-12-09,2012-2013,Real Betis,https://fbref.com/en/matches/5c6706c2/Real-Betis-Barcelona-December-9-2012-La-Liga
465,2012-12-16,2012-2013,Atlético Madrid,https://fbref.com/en/matches/196defe3/Barcelona-Atletico-Madrid-December-16-2012-La-Liga
466,2012-12-22,2012-2013,Valladolid,https://fbref.com/en/matches/50280d35/Valladolid-Barcelona-December-22-2012-La-Liga
467,2013-01-06,2012-2013,Espanyol,https://fbref.com/en/matches/b3426de0/Barcelona-Espanyol-January-6-2013-La-Liga
468,2013-01-13,2012-2013,Málaga,https://fbref.com/en/matches/63360a55/Malaga-Barcelona-January-13-2013-La-Liga
469,2013-01-19,2012-2013,Real Sociedad,https://fbref.com/en/matches/7ce8fcb6/Real-Sociedad-Barcelona-January-19-2013-La-Liga
470,2013-01-27,2012-2013,Osasuna,https://fbref.com/en/matches/99f29ac2/Barcelona-Osasuna-January-27-2013-La-Liga
471,2013-02-03,2012-2013,Valencia,https://fbref.com/en/matches/2cbfe08d/Valencia-Barcelona-February-3-2013-La-Liga
472,2013-02-10,2012-2013,Getafe,https://fbref.com/en/matches/bf5ea55a/Barcelona-Getafe-February-10-2013-La-Liga
473,2013-02-16,2012-2013,Granada,https://fbref.com/en/matches/bd709ac1/Granada-Barcelona-February-16-2013-La-Liga
475,2013-02-23,2012-2013,Sevilla,https://fbref.com/en/matches/19f7a90b/Barcelona-Sevilla-February-23-2013-La-Liga
476,2013-03-02,2012-2013,Real Madrid,https://fbref.com/en/matches/20f52c9a/El-Clasico-Real-Madrid-Barcelona-March-2-2013-La-Liga
477,2013-03-09,2012-2013,Dep La Coruña,https://fbref.com/en/matches/5ce46e1e/Barcelona-Deportivo-La-Coruna-March-9-2013-La-Liga
479,2013-03-17,2012-2013,Rayo Vallecano,https://fbref.com/en/matches/31c269fa/Barcelona-Rayo-Vallecano-March-17-2013-La-Liga
480,2013-03-30,2012-2013,Celta Vigo,https://fbref.com/en/matches/1c7abf83/Celta-Vigo-Barcelona-March-30-2013-La-Liga
487,2013-04-27,2012-2013,Athletic Club,https://fbref.com/en/matches/22951d5c/Athletic-Club-Barcelona-April-27-2013-La-Liga
489,2013-05-05,2012-2013,Real Betis,https://fbref.com/en/matches/1bafaac7/Barcelona-Real-Betis-May-5-2013-La-Liga
490,2013-05-12,2012-2013,Atlético Madrid,https://fbref.com/en/matches/b0e5128c/Atletico-Madrid-Barcelona-May-12-2013-La-Liga
494,2013-08-18,2013-2014,Levante,https://fbref.com/en/matches/aebc1635/Barcelona-Levante-August-18-2013-La-Liga
496,2013-09-01,2013-2014,Valencia,https://fbref.com/en/matches/39753687/Valencia-Barcelona-September-1-2013-La-Liga
497,2013-09-14,2013-2014,Sevilla,https://fbref.com/en/matches/f32eb4ae/Barcelona-Sevilla-September-14-2013-La-Liga
499,2013-09-21,2013-2014,Rayo Vallecano,https://fbref.com/en/matches/819d0c2b/Rayo-Vallecano-Barcelona-September-21-2013-La-Liga
500,2013-09-24,2013-2014,Real Sociedad,https://fbref.com/en/matches/e3e22e8b/Barcelona-Real-Sociedad-September-24-2013-La-Liga
501,2013-09-28,2013-2014,Almería,https://fbref.com/en/matches/03800816/Almeria-Barcelona-September-28-2013-La-Liga
504,2013-10-19,2013-2014,Osasuna,https://fbref.com/en/matches/6b5352cb/Osasuna-Barcelona-October-19-2013-La-Liga
506,2013-10-26,2013-2014,Real Madrid,https://fbref.com/en/matches/6fcbb00d/El-Clasico-Barcelona-Real-Madrid-October-26-2013-La-Liga
507,2013-10-29,2013-2014,Celta Vigo,https://fbref.com/en/matches/f5fb0db4/Celta-Vigo-Barcelona-October-29-2013-La-Liga
508,2013-11-01,2013-2014,Espanyol,https://fbref.com/en/matches/a6a726f9/Barcelona-Espanyol-November-1-2013-La-Liga
510,2013-11-10,2013-2014,Real Betis,https://fbref.com/en/matches/b0651d04/Real-Betis-Barcelona-November-10-2013-La-Liga
518,2014-01-11,2013-2014,Atlético Madrid,https://fbref.com/en/matches/29931266/Atletico-Madrid-Barcelona-January-11-2014-La-Liga
519,2014-01-19,2013-2014,Levante,https://fbref.com/en/matches/f766fb80/Levante-Barcelona-January-19-2014-La-Liga
520,2014-01-26,2013-2014,Málaga,https://fbref.com/en/matches/f29c7403/Barcelona-Malaga-January-26-2014-La-Liga
521,2014-02-01,2013-2014,Valencia,https://fbref.com/en/matches/9add8ab1/Barcelona-Valencia-February-1-2014-La-Liga
522,2014-02-09,2013-2014,Sevilla,https://fbref.com/en/matches/cf641a0f/Sevilla-Barcelona-February-9-2014-La-Liga
523,2014-02-15,2013-2014,Rayo Vallecano,https://fbref.com/en/matches/d7c0fe7e/Barcelona-Rayo-Vallecano-February-15-2014-La-Liga
525,2014-02-22,2013-2014,Real Sociedad,https://fbref.com/en/matches/8f8fbe6a/Real-Sociedad-Barcelona-February-22-2014-La-Liga
526,2014-03-02,2013-2014,Almería,https://fbref.com/en/matches/856ec5e8/Barcelona-Almeria-March-2-2014-La-Liga
527,2014-03-08,2013-2014,Valladolid,https://fbref.com/en/matches/26a52c1f/Valladolid-Barcelona-March-8-2014-La-Liga
529,2014-03-16,2013-2014,Osasuna,https://fbref.com/en/matches/9f8b46c2/Barcelona-Osasuna-March-16-2014-La-Liga
530,2014-03-23,2013-2014,Real Madrid,https://fbref.com/en/matches/548a421d/El-Clasico-Real-Madrid-Barcelona-March-23-2014-La-Liga
531,2014-03-26,2013-2014,Celta Vigo,https://fbref.com/en/matches/60d45917/Barcelona-Celta-Vigo-March-26-2014-La-Liga
532,2014-03-29,2013-2014,Espanyol,https://fbref.com/en/matches/f5ac6062/Espanyol-Barcelona-March-29-2014-La-Liga
534,2014-04-05,2013-2014,Real Betis,https://fbref.com/en/matches/5afed558/Barcelona-Real-Betis-April-5-2014-La-Liga
536,2014-04-12,2013-2014,Granada,https://fbref.com/en/matches/581ee2af/Granada-Barcelona-April-12-2014-La-Liga
537,2014-04-20,2013-2014,Athletic Club,https://fbref.com/en/matches/72d46e2c/Barcelona-Athletic-Club-April-20-2014-La-Liga
538,2014-04-27,2013-2014,Villarreal,https://fbref.com/en/matches/16b05d93/Villarreal-Barcelona-April-27-2014-La-Liga
539,2014-05-03,2013-2014,Getafe,https://fbref.com/en/matches/82c93950/Barcelona-Getafe-May-3-2014-La-Liga
540,2014-05-11,2013-2014,Elche,https://fbref.com/en/matches/ff42cde6/Elche-Barcelona-May-11-2014-La-Liga
541,2014-05-17,2013-2014,Atlético Madrid,https://fbref.com/en/matches/d5a7b1a8/Barcelona-Atletico-Madrid-May-17-2014-La-Liga
542,2014-08-24,2014-2015,Elche,https://fbref.com/en/matches/e8b5869f/Barcelona-Elche-August-24-2014-La-Liga
543,2014-08-31,2014-2015,Villarreal,https://fbref.com/en/matches/13570215/Villarreal-Barcelona-August-31-2014-La-Liga
544,2014-09-13,2014-2015,Athletic Club,https://fbref.com/en/matches/90a00e1e/Barcelona-Athletic-Club-September-13-2014-La-Liga
546,2014-09-21,2014-2015,Levante,https://fbref.com/en/matches/0ca60646/Levante-Barcelona-September-21-2014-La-Liga
547,2014-09-24,2014-2015,Málaga,https://fbref.com/en/matches/6e85577f/Malaga-Barcelona-September-24-2014-La-Liga
548,2014-09-27,2014-2015,Granada,https://fbref.com/en/matches/39655987/Barcelona-Granada-September-27-2014-La-Liga
550,2014-10-04,2014-2015,Rayo Vallecano,https://fbref.com/en/matches/9c096275/Rayo-Vallecano-Barcelona-October-4-2014-La-Liga
551,2014-10-18,2014-2015,Eibar,https://fbref.com/en/matches/a3049602/Barcelona-Eibar-October-18-2014-La-Liga
553,2014-10-25,2014-2015,Real Madrid,https://fbref.com/en/matches/db78b94d/El-Clasico-Real-Madrid-Barcelona-October-25-2014-La-Liga
554,2014-11-01,2014-2015,Celta Vigo,https://fbref.com/en/matches/62005986/Barcelona-Celta-Vigo-November-1-2014-La-Liga
556,2014-11-08,2014-2015,Almería,https://fbref.com/en/matches/65788441/Almeria-Barcelona-November-8-2014-La-Liga
557,2014-11-22,2014-2015,Sevilla,https://fbref.com/en/matches/3b40837d/Barcelona-Sevilla-November-22-2014-La-Liga
559,2014-11-30,2014-2015,Valencia,https://fbref.com/en/matches/25e6bdbc/Valencia-Barcelona-November-30-2014-La-Liga
561,2014-12-07,2014-2015,Espanyol,https://fbref.com/en/matches/3613765b/Barcelona-Espanyol-December-7-2014-La-Liga
563,2014-12-13,2014-2015,Getafe,https://fbref.com/en/matches/8d71099c/Getafe-Barcelona-December-13-2014-La-Liga
565,2014-12-20,2014-2015,Córdoba,https://fbref.com/en/matches/6a7418f8/Barcelona-Cordoba-December-20-2014-La-Liga
566,2015-01-04,2014-2015,Real Sociedad,https://fbref.com/en/matches/060b24a1/Real-Sociedad-Barcelona-January-4-2015-La-Liga
568,2015-01-11,2014-2015,Atlético Madrid,https://fbref.com/en/matches/a6febe6e/Barcelona-Atletico-Madrid-January-11-2015-La-Liga
570,2015-01-18,2014-2015,Dep La Coruña,https://fbref.com/en/matches/5c0362d7/Deportivo-La-Coruna-Barcelona-January-18-2015-La-Liga
572,2015-01-24,2014-2015,Elche,https://fbref.com/en/matches/d1b78ad6/Elche-Barcelona-January-24-2015-La-Liga
574,2015-02-01,2014-2015,Villarreal,https://fbref.com/en/matches/efa5c771/Barcelona-Villarreal-February-1-2015-La-Liga
575,2015-02-08,2014-2015,Athletic Club,https://fbref.com/en/matches/416fa8f2/Athletic-Club-Barcelona-February-8-2015-La-Liga
577,2015-02-15,2014-2015,Levante,https://fbref.com/en/matches/6e5b5293/Barcelona-Levante-February-15-2015-La-Liga
578,2015-02-21,2014-2015,Málaga,https://fbref.com/en/matches/47d9c2f3/Barcelona-Malaga-February-21-2015-La-Liga
580,2015-02-28,2014-2015,Granada,https://fbref.com/en/matches/c10ad42b/Granada-Barcelona-February-28-2015-La-Liga
582,2015-03-08,2014-2015,Rayo Vallecano,https://fbref.com/en/matches/21699115/Barcelona-Rayo-Vallecano-March-8-2015-La-Liga
583,2015-03-14,2014-2015,Eibar,https://fbref.com/en/matches/e423886f/Eibar-Barcelona-March-14-2015-La-Liga
585,2015-03-22,2014-2015,Real Madrid,https://fbref.com/en/matches/063772d1/El-Clasico-Barcelona-Real-Madrid-March-22-2015-La-Liga
586,2015-04-05,2014-2015,Celta Vigo,https://fbref.com/en/matches/690a23fa/Celta-Vigo-Barcelona-April-5-2015-La-Liga
587,2015-04-08,2014-2015,Almería,https://fbref.com/en/matches/d3d3efcf/Barcelona-Almeria-April-8-2015-La-Liga
588,2015-04-11,2014-2015,Sevilla,https://fbref.com/en/matches/c3bcf1c0/Sevilla-Barcelona-April-11-2015-La-Liga
590,2015-04-18,2014-2015,Valencia,https://fbref.com/en/matches/2ae3c2ca/Barcelona-Valencia-April-18-2015-La-Liga
592,2015-04-25,2014-2015,Espanyol,https://fbref.com/en/matches/1ffe8e77/Espanyol-Barcelona-April-25-2015-La-Liga
593,2015-04-28,2014-2015,Getafe,https://fbref.com/en/matches/ae242d9a/Barcelona-Getafe-April-28-2015-La-Liga
594,2015-05-02,2014-2015,Córdoba,https://fbref.com/en/matches/5a97d6e7/Cordoba-Barcelona-May-2-2015-La-Liga
596,2015-05-09,2014-2015,Real Sociedad,https://fbref.com/en/matches/25a722a1/Barcelona-Real-Sociedad-May-9-2015-La-Liga
598,2015-05-17,2014-2015,Atlético Madrid,https://fbref.com/en/matches/a702df1d/Atletico-Madrid-Barcelona-May-17-2015-La-Liga
599,2015-05-23,2014-2015,Dep La Coruña,https://fbref.com/en/matches/57dc665a/Barcelona-Deportivo-La-Coruna-May-23-2015-La-Liga
601,2015-06-06,2014-2015,Juventus,https://fbref.com/en/matches/e6ef9f4b/Juventus-Barcelona-June-6-2015-Champions-League
605,2015-08-23,2015-2016,Athletic Club,https://fbref.com/en/matches/ee599dc6/Athletic-Club-Barcelona-August-23-2015-La-Liga
606,2015-08-29,2015-2016,Málaga,https://fbref.com/en/matches/d21d7344/Barcelona-Malaga-August-29-2015-La-Liga
607,2015-09-12,2015-2016,Atlético Madrid,https://fbref.com/en/matches/187a5503/Atletico-Madrid-Barcelona-September-12-2015-La-Liga
609,2015-09-20,2015-2016,Levante,https://fbref.com/en/matches/c6a86c14/Barcelona-Levante-September-20-2015-La-Liga
610,2015-09-23,2015-2016,Celta Vigo,https://fbref.com/en/matches/de53479f/Celta-Vigo-Barcelona-September-23-2015-La-Liga
611,2015-09-26,2015-2016,Las Palmas,https://fbref.com/en/matches/7f0b0830/Barcelona-Las-Palmas-September-26-2015-La-Liga
613,2015-10-03,2015-2016,Sevilla,https://fbref.com/en/matches/54560f72/Sevilla-Barcelona-October-3-2015-La-Liga
614,2015-10-17,2015-2016,Rayo Vallecano,https://fbref.com/en/matches/18ed0e10/Barcelona-Rayo-Vallecano-October-17-2015-La-Liga
616,2015-10-25,2015-2016,Eibar,https://fbref.com/en/matches/07ee1d18/Barcelona-Eibar-October-25-2015-La-Liga
618,2015-10-31,2015-2016,Getafe,https://fbref.com/en/matches/1feb6608/Getafe-Barcelona-October-31-2015-La-Liga
620,2015-11-08,2015-2016,Villarreal,https://fbref.com/en/matches/9c02c4d8/Barcelona-Villarreal-November-8-2015-La-Liga
621,2015-11-21,2015-2016,Real Madrid,https://fbref.com/en/matches/f23ea7cf/El-Clasico-Real-Madrid-Barcelona-November-21-2015-La-Liga
623,2015-11-28,2015-2016,Real Sociedad,https://fbref.com/en/matches/acdb2ad4/Barcelona-Real-Sociedad-November-28-2015-La-Liga
625,2015-12-05,2015-2016,Valencia,https://fbref.com/en/matches/f5158c36/Valencia-Barcelona-December-5-2015-La-Liga
627,2015-12-12,2015-2016,Dep La Coruña,https://fbref.com/en/matches/0f3ae9c1/Barcelona-Deportivo-La-Coruna-December-12-2015-La-Liga
628,2015-12-30,2015-2016,Real Betis,https://fbref.com/en/matches/04b8dac0/Barcelona-Real-Betis-December-30-2015-La-Liga
629,2016-01-02,2015-2016,Espanyol,https://fbref.com/en/matches/c2fa507e/Espanyol-Barcelona-January-2-2016-La-Liga
631,2016-01-09,2015-2016,Granada,https://fbref.com/en/matches/2bdd127a/Barcelona-Granada-January-9-2016-La-Liga
633,2016-01-17,2015-2016,Athletic Club,https://fbref.com/en/matches/b5ec0e74/Barcelona-Athletic-Club-January-17-2016-La-Liga
635,2016-01-23,2015-2016,Málaga,https://fbref.com/en/matches/a57605a4/Malaga-Barcelona-January-23-2016-La-Liga
637,2016-01-30,2015-2016,Atlético Madrid,https://fbref.com/en/matches/6b2e6e56/Barcelona-Atletico-Madrid-January-30-2016-La-Liga
639,2016-02-07,2015-2016,Levante,https://fbref.com/en/matches/13a80787/Levante-Barcelona-February-7-2016-La-Liga
641,2016-02-14,2015-2016,Celta Vigo,https://fbref.com/en/matches/fcb5e5ac/Barcelona-Celta-Vigo-February-14-2016-La-Liga
642,2016-02-17,2015-2016,Sporting Gijón,https://fbref.com/en/matches/5ea1033c/Sporting-Gijon-Barcelona-February-17-2016-La-Liga
643,2016-02-20,2015-2016,Las Palmas,https://fbref.com/en/matches/ce1a14a8/Las-Palmas-Barcelona-February-20-2016-La-Liga
645,2016-02-28,2015-2016,Sevilla,https://fbref.com/en/matches/ad5f6823/Barcelona-Sevilla-February-28-2016-La-Liga
646,2016-03-03,2015-2016,Rayo Vallecano,https://fbref.com/en/matches/a3faab98/Rayo-Vallecano-Barcelona-March-3-2016-La-Liga
647,2016-03-06,2015-2016,Eibar,https://fbref.com/en/matches/c1d583c3/Eibar-Barcelona-March-6-2016-La-Liga
648,2016-03-12,2015-2016,Getafe,https://fbref.com/en/matches/25d107dc/Barcelona-Getafe-March-12-2016-La-Liga
650,2016-03-20,2015-2016,Villarreal,https://fbref.com/en/matches/991a1af3/Villarreal-Barcelona-March-20-2016-La-Liga
651,2016-04-02,2015-2016,Real Madrid,https://fbref.com/en/matches/5877259d/El-Clasico-Barcelona-Real-Madrid-April-2-2016-La-Liga
653,2016-04-09,2015-2016,Real Sociedad,https://fbref.com/en/matches/d88ae3a2/Real-Sociedad-Barcelona-April-9-2016-La-Liga
655,2016-04-17,2015-2016,Valencia,https://fbref.com/en/matches/deb6b433/Barcelona-Valencia-April-17-2016-La-Liga
656,2016-04-20,2015-2016,Dep La Coruña,https://fbref.com/en/matches/7412ec7a/Deportivo-La-Coruna-Barcelona-April-20-2016-La-Liga
657,2016-04-23,2015-2016,Sporting Gijón,https://fbref.com/en/matches/2099b235/Barcelona-Sporting-Gijon-April-23-2016-La-Liga
658,2016-04-30,2015-2016,Real Betis,https://fbref.com/en/matches/b5e9cec0/Real-Betis-Barcelona-April-30-2016-La-Liga
659,2016-05-08,2015-2016,Espanyol,https://fbref.com/en/matches/7363a1b9/Barcelona-Espanyol-May-8-2016-La-Liga
660,2016-05-14,2015-2016,Granada,https://fbref.com/en/matches/2de83512/Granada-Barcelona-May-14-2016-La-Liga
664,2016-08-20,2016-2017,Real Betis,https://fbref.com/en/matches/4dbbaae4/Barcelona-Real-Betis-August-20-2016-La-Liga
665,2016-08-28,2016-2017,Athletic Club,https://fbref.com/en/matches/84b6a326/Athletic-Club-Barcelona-August-28-2016-La-Liga
666,2016-09-10,2016-2017,Alavés,https://fbref.com/en/matches/148fd884/Barcelona-Alaves-September-10-2016-La-Liga
668,2016-09-17,2016-2017,Leganés,https://fbref.com/en/matches/8447120e/Leganes-Barcelona-September-17-2016-La-Liga
669,2016-09-21,2016-2017,Atlético Madrid,https://fbref.com/en/matches/9c49ec73/Barcelona-Atletico-Madrid-September-21-2016-La-Liga
673,2016-10-15,2016-2017,Dep La Coruña,https://fbref.com/en/matches/b0e4f839/Barcelona-Deportivo-La-Coruna-October-15-2016-La-Liga
675,2016-10-22,2016-2017,Valencia,https://fbref.com/en/matches/0f8baff5/Valencia-Barcelona-October-22-2016-La-Liga
676,2016-10-29,2016-2017,Granada,https://fbref.com/en/matches/27b8591a/Barcelona-Granada-October-29-2016-La-Liga
678,2016-11-06,2016-2017,Sevilla,https://fbref.com/en/matches/0ac19e75/Sevilla-Barcelona-November-6-2016-La-Liga
681,2016-11-27,2016-2017,Real Sociedad,https://fbref.com/en/matches/a60ba8f3/Real-Sociedad-Barcelona-November-27-2016-La-Liga
683,2016-12-03,2016-2017,Real Madrid,https://fbref.com/en/matches/b5cd1031/El-Clasico-Barcelona-Real-Madrid-December-3-2016-La-Liga
685,2016-12-10,2016-2017,Osasuna,https://fbref.com/en/matches/4f779b31/Osasuna-Barcelona-December-10-2016-La-Liga
686,2016-12-18,2016-2017,Espanyol,https://fbref.com/en/matches/3babcf92/Barcelona-Espanyol-December-18-2016-La-Liga
689,2017-01-08,2016-2017,Villarreal,https://fbref.com/en/matches/e5f6b3f3/Villarreal-Barcelona-January-8-2017-La-Liga
691,2017-01-14,2016-2017,Las Palmas,https://fbref.com/en/matches/c10039cc/Barcelona-Las-Palmas-January-14-2017-La-Liga
693,2017-01-22,2016-2017,Eibar,https://fbref.com/en/matches/81d836da/Eibar-Barcelona-January-22-2017-La-Liga
695,2017-01-29,2016-2017,Real Betis,https://fbref.com/en/matches/ffc2ea2a/Real-Betis-Barcelona-January-29-2017-La-Liga
697,2017-02-04,2016-2017,Athletic Club,https://fbref.com/en/matches/15caf684/Barcelona-Athletic-Club-February-4-2017-La-Liga
699,2017-02-11,2016-2017,Alavés,https://fbref.com/en/matches/9efbc601/Alaves-Barcelona-February-11-2017-La-Liga
701,2017-02-19,2016-2017,Leganés,https://fbref.com/en/matches/1b425995/Barcelona-Leganes-February-19-2017-La-Liga
702,2017-02-26,2016-2017,Atlético Madrid,https://fbref.com/en/matches/e7188c40/Atletico-Madrid-Barcelona-February-26-2017-La-Liga
703,2017-03-01,2016-2017,Sporting Gijón,https://fbref.com/en/matches/344e4353/Barcelona-Sporting-Gijon-March-1-2017-La-Liga
704,2017-03-04,2016-2017,Celta Vigo,https://fbref.com/en/matches/b48dc08b/Barcelona-Celta-Vigo-March-4-2017-La-Liga
706,2017-03-12,2016-2017,Dep La Coruña,https://fbref.com/en/matches/5b21afbc/Deportivo-La-Coruna-Barcelona-March-12-2017-La-Liga
707,2017-03-19,2016-2017,Valencia,https://fbref.com/en/matches/15d80a36/Barcelona-Valencia-March-19-2017-La-Liga
709,2017-04-05,2016-2017,Sevilla,https://fbref.com/en/matches/fc8fbfdd/Barcelona-Sevilla-April-5-2017-La-Liga
710,2017-04-08,2016-2017,Málaga,https://fbref.com/en/matches/25443102/Malaga-Barcelona-April-8-2017-La-Liga
712,2017-04-15,2016-2017,Real Sociedad,https://fbref.com/en/matches/2d1704ba/Barcelona-Real-Sociedad-April-15-2017-La-Liga
714,2017-04-23,2016-2017,Real Madrid,https://fbref.com/en/matches/853d4c7f/El-Clasico-Real-Madrid-Barcelona-April-23-2017-La-Liga
715,2017-04-26,2016-2017,Osasuna,https://fbref.com/en/matches/1a18f3f1/Barcelona-Osasuna-April-26-2017-La-Liga
716,2017-04-29,2016-2017,Espanyol,https://fbref.com/en/matches/1627b8da/Espanyol-Barcelona-April-29-2017-La-Liga
717,2017-05-06,2016-2017,Villarreal,https://fbref.com/en/matches/b1e6dbde/Barcelona-Villarreal-May-6-2017-La-Liga
718,2017-05-14,2016-2017,Las Palmas,https://fbref.com/en/matches/5dce68ae/Las-Palmas-Barcelona-May-14-2017-La-Liga
719,2017-05-21,2016-2017,Eibar,https://fbref.com/en/matches/fc9a3cfc/Barcelona-Eibar-May-21-2017-La-Liga
723,2017-08-20,2017-2018,Real Betis,https://fbref.com/en/matches/a17745cc/Barcelona-Real-Betis-August-20-2017-La-Liga
724,2017-08-26,2017-2018,Alavés,https://fbref.com/en/matches/30a4208c/Alaves-Barcelona-August-26-2017-La-Liga
725,2017-09-09,2017-2018,Espanyol,https://fbref.com/en/matches/0a7a9c6c/Barcelona-Espanyol-September-9-2017-La-Liga
727,2017-09-16,2017-2018,Getafe,https://fbref.com/en/matches/7c903548/Getafe-Barcelona-September-16-2017-La-Liga
728,2017-09-19,2017-2018,Eibar,https://fbref.com/en/matches/136d34cd/Barcelona-Eibar-September-19-2017-La-Liga
729,2017-09-23,2017-2018,Girona,https://fbref.com/en/matches/b2b4cd50/Girona-Barcelona-September-23-2017-La-Liga
731,2017-10-01,2017-2018,Las Palmas,https://fbref.com/en/matches/385ba984/Barcelona-Las-Palmas-October-1-2017-La-Liga
732,2017-10-14,2017-2018,Atlético Madrid,https://fbref.com/en/matches/cda3fc16/Atletico-Madrid-Barcelona-October-14-2017-La-Liga
734,2017-10-21,2017-2018,Málaga,https://fbref.com/en/matches/830e300c/Barcelona-Malaga-October-21-2017-La-Liga
736,2017-10-28,2017-2018,Athletic Club,https://fbref.com/en/matches/fb01e402/Athletic-Club-Barcelona-October-28-2017-La-Liga
738,2017-11-04,2017-2018,Sevilla,https://fbref.com/en/matches/c69d4478/Barcelona-Sevilla-November-4-2017-La-Liga
739,2017-11-18,2017-2018,Leganés,https://fbref.com/en/matches/ce38f328/Leganes-Barcelona-November-18-2017-La-Liga
741,2017-11-26,2017-2018,Valencia,https://fbref.com/en/matches/d70a0109/Valencia-Barcelona-November-26-2017-La-Liga
743,2017-12-02,2017-2018,Celta Vigo,https://fbref.com/en/matches/3985911a/Barcelona-Celta-Vigo-December-2-2017-La-Liga
745,2017-12-10,2017-2018,Villarreal,https://fbref.com/en/matches/3e2d9b2f/Villarreal-Barcelona-December-10-2017-La-Liga
746,2017-12-17,2017-2018,Dep La Coruña,https://fbref.com/en/matches/081b6061/Barcelona-Deportivo-La-Coruna-December-17-2017-La-Liga
747,2017-12-23,2017-2018,Real Madrid,https://fbref.com/en/matches/8149570c/El-Clasico-Real-Madrid-Barcelona-December-23-2017-La-Liga
749,2018-01-07,2017-2018,Levante,https://fbref.com/en/matches/c55a6760/Barcelona-Levante-January-7-2018-La-Liga
751,2018-01-14,2017-2018,Real Sociedad,https://fbref.com/en/matches/df31b840/Real-Sociedad-Barcelona-January-14-2018-La-Liga
753,2018-01-21,2017-2018,Real Betis,https://fbref.com/en/matches/ab35eb71/Real-Betis-Barcelona-January-21-2018-La-Liga
755,2018-01-28,2017-2018,Alavés,https://fbref.com/en/matches/8e1c406c/Barcelona-Alaves-January-28-2018-La-Liga
757,2018-02-04,2017-2018,Espanyol,https://fbref.com/en/matches/79bbc767/Espanyol-Barcelona-February-4-2018-La-Liga
759,2018-02-11,2017-2018,Getafe,https://fbref.com/en/matches/22bd07eb/Barcelona-Getafe-February-11-2018-La-Liga
760,2018-02-17,2017-2018,Eibar,https://fbref.com/en/matches/32a852b1/Eibar-Barcelona-February-17-2018-La-Liga
762,2018-02-24,2017-2018,Girona,https://fbref.com/en/matches/d65971f2/Barcelona-Girona-February-24-2018-La-Liga
763,2018-03-01,2017-2018,Las Palmas,https://fbref.com/en/matches/22a21afb/Las-Palmas-Barcelona-March-1-2018-La-Liga
764,2018-03-04,2017-2018,Atlético Madrid,https://fbref.com/en/matches/dde69bde/Barcelona-Atletico-Madrid-March-4-2018-La-Liga
767,2018-03-18,2017-2018,Athletic Club,https://fbref.com/en/matches/e9de296f/Barcelona-Athletic-Club-March-18-2018-La-Liga
768,2018-03-31,2017-2018,Sevilla,https://fbref.com/en/matches/8b72278e/Sevilla-Barcelona-March-31-2018-La-Liga
770,2018-04-07,2017-2018,Leganés,https://fbref.com/en/matches/819b75df/Barcelona-Leganes-April-7-2018-La-Liga
772,2018-04-14,2017-2018,Valencia,https://fbref.com/en/matches/958a070e/Barcelona-Valencia-April-14-2018-La-Liga
773,2018-04-17,2017-2018,Celta Vigo,https://fbref.com/en/matches/964d343b/Celta-Vigo-Barcelona-April-17-2018-La-Liga
775,2018-04-29,2017-2018,Dep La Coruña,https://fbref.com/en/matches/e6360fe0/Deportivo-La-Coruna-Barcelona-April-29-2018-La-Liga
776,2018-05-06,2017-2018,Real Madrid,https://fbref.com/en/matches/d1d121c7/El-Clasico-Barcelona-Real-Madrid-May-6-2018-La-Liga
777,2018-05-09,2017-2018,Villarreal,https://fbref.com/en/matches/0a1c93b4/Barcelona-Villarreal-May-9-2018-La-Liga
779,2018-05-20,2017-2018,Real Sociedad,https://fbref.com/en/matches/c57a8e8d/Barcelona-Real-Sociedad-May-20-2018-La-Liga
781,2018-08-18,2018-2019,Alavés,https://fbref.com/en/matches/e95b2588/Barcelona-Alaves-August-18-2018-La-Liga
782,2018-08-25,2018-2019,Valladolid,https://fbref.com/en/matches/262193b3/Valladolid-Barcelona-August-25-2018-La-Liga
783,2018-09-02,2018-2019,Huesca,https://fbref.com/en/matches/0b6d40c5/Barcelona-Huesca-September-2-2018-La-Liga
784,2018-09-15,2018-2019,Real Sociedad,https://fbref.com/en/matches/afa6f343/Real-Sociedad-Barcelona-September-15-2018-La-Liga
786,2018-09-23,2018-2019,Girona,https://fbref.com/en/matches/96e8cb92/Barcelona-Girona-September-23-2018-La-Liga
787,2018-09-26,2018-2019,Leganés,https://fbref.com/en/matches/2ffc9376/Leganes-Barcelona-September-26-2018-La-Liga
788,2018-09-29,2018-2019,Athletic Club,https://fbref.com/en/matches/104beba1/Barcelona-Athletic-Club-September-29-2018-La-Liga
790,2018-10-07,2018-2019,Valencia,https://fbref.com/en/matches/5df44b11/Valencia-Barcelona-October-7-2018-La-Liga
791,2018-10-20,2018-2019,Sevilla,https://fbref.com/en/matches/ce338edb/Barcelona-Sevilla-October-20-2018-La-Liga
797,2018-11-11,2018-2019,Real Betis,https://fbref.com/en/matches/8113b235/Barcelona-Real-Betis-November-11-2018-La-Liga
798,2018-11-24,2018-2019,Atlético Madrid,https://fbref.com/en/matches/21323dd4/Atletico-Madrid-Barcelona-November-24-2018-La-Liga
800,2018-12-02,2018-2019,Villarreal,https://fbref.com/en/matches/abb582f2/Barcelona-Villarreal-December-2-2018-La-Liga
802,2018-12-08,2018-2019,Espanyol,https://fbref.com/en/matches/6e08f11b/Espanyol-Barcelona-December-8-2018-La-Liga
804,2018-12-16,2018-2019,Levante,https://fbref.com/en/matches/190484d3/Levante-Barcelona-December-16-2018-La-Liga
805,2018-12-22,2018-2019,Celta Vigo,https://fbref.com/en/matches/7a2c8e2d/Barcelona-Celta-Vigo-December-22-2018-La-Liga
806,2019-01-06,2018-2019,Getafe,https://fbref.com/en/matches/91572149/Getafe-Barcelona-January-6-2019-La-Liga
808,2019-01-13,2018-2019,Eibar,https://fbref.com/en/matches/bc534a87/Barcelona-Eibar-January-13-2019-La-Liga
810,2019-01-20,2018-2019,Leganés,https://fbref.com/en/matches/582c7af9/Barcelona-Leganes-January-20-2019-La-Liga
812,2019-01-27,2018-2019,Girona,https://fbref.com/en/matches/fe1f2ee5/Girona-Barcelona-January-27-2019-La-Liga
814,2019-02-02,2018-2019,Valencia,https://fbref.com/en/matches/2cb199b0/Barcelona-Valencia-February-2-2019-La-Liga
816,2019-02-10,2018-2019,Athletic Club,https://fbref.com/en/matches/7a72c2d3/Athletic-Club-Barcelona-February-10-2019-La-Liga
817,2019-02-16,2018-2019,Valladolid,https://fbref.com/en/matches/df8fbe37/Barcelona-Valladolid-February-16-2019-La-Liga
819,2019-02-23,2018-2019,Sevilla,https://fbref.com/en/matches/9c343f00/Sevilla-Barcelona-February-23-2019-La-Liga
821,2019-03-02,2018-2019,Real Madrid,https://fbref.com/en/matches/38da3cd1/El-Clasico-Real-Madrid-Barcelona-March-2-2019-La-Liga
822,2019-03-09,2018-2019,Rayo Vallecano,https://fbref.com/en/matches/7e724c75/Barcelona-Rayo-Vallecano-March-9-2019-La-Liga
824,2019-03-17,2018-2019,Real Betis,https://fbref.com/en/matches/c59ccf5a/Real-Betis-Barcelona-March-17-2019-La-Liga
825,2019-03-30,2018-2019,Espanyol,https://fbref.com/en/matches/d0f59a88/Barcelona-Espanyol-March-30-2019-La-Liga
826,2019-04-02,2018-2019,Villarreal,https://fbref.com/en/matches/e6d0225d/Villarreal-Barcelona-April-2-2019-La-Liga
827,2019-04-06,2018-2019,Atlético Madrid,https://fbref.com/en/matches/6fbc572e/Barcelona-Atletico-Madrid-April-6-2019-La-Liga
831,2019-04-20,2018-2019,Real Sociedad,https://fbref.com/en/matches/dc6a34e3/Barcelona-Real-Sociedad-April-20-2019-La-Liga
832,2019-04-23,2018-2019,Alavés,https://fbref.com/en/matches/17a1c1b8/Alaves-Barcelona-April-23-2019-La-Liga
833,2019-04-27,2018-2019,Levante,https://fbref.com/en/matches/2e9825c3/Barcelona-Levante-April-27-2019-La-Liga
837,2019-05-12,2018-2019,Getafe,https://fbref.com/en/matches/13699801/Barcelona-Getafe-May-12-2019-La-Liga
838,2019-05-19,2018-2019,Eibar,https://fbref.com/en/matches/a7b68aed/Eibar-Barcelona-May-19-2019-La-Liga
845,2019-09-21,2019-2020,Granada,https://fbref.com/en/matches/244f79cf/Granada-Barcelona-September-21-2019-La-Liga
846,2019-09-24,2019-2020,Villarreal,https://fbref.com/en/matches/fd89adbb/Barcelona-Villarreal-September-24-2019-La-Liga
849,2019-10-06,2019-2020,Sevilla,https://fbref.com/en/matches/4bb0f58e/Barcelona-Sevilla-October-6-2019-La-Liga
850,2019-10-19,2019-2020,Eibar,https://fbref.com/en/matches/9232aa89/Eibar-Barcelona-October-19-2019-La-Liga
852,2019-10-29,2019-2020,Valladolid,https://fbref.com/en/matches/7f3e94c6/Barcelona-Valladolid-October-29-2019-La-Liga
853,2019-11-02,2019-2020,Levante,https://fbref.com/en/matches/e9d7c91f/Levante-Barcelona-November-2-2019-La-Liga
855,2019-11-09,2019-2020,Celta Vigo,https://fbref.com/en/matches/67485b99/Barcelona-Celta-Vigo-November-9-2019-La-Liga
856,2019-11-23,2019-2020,Leganés,https://fbref.com/en/matches/b31decb6/Leganes-Barcelona-November-23-2019-La-Liga
858,2019-12-01,2019-2020,Atlético Madrid,https://fbref.com/en/matches/d702ef1a/Atletico-Madrid-Barcelona-December-1-2019-La-Liga
859,2019-12-07,2019-2020,Mallorca,https://fbref.com/en/matches/3743ba66/Barcelona-Mallorca-December-7-2019-La-Liga
861,2019-12-14,2019-2020,Real Sociedad,https://fbref.com/en/matches/520c55d4/Real-Sociedad-Barcelona-December-14-2019-La-Liga
862,2019-12-18,2019-2020,Real Madrid,https://fbref.com/en/matches/0e49b179/El-Clasico-Barcelona-Real-Madrid-December-18-2019-La-Liga
863,2019-12-21,2019-2020,Alavés,https://fbref.com/en/matches/1c16a3c8/Barcelona-Alaves-December-21-2019-La-Liga
864,2020-01-04,2019-2020,Espanyol,https://fbref.com/en/matches/cb9dc476/Espanyol-Barcelona-January-4-2020-La-Liga
866,2020-01-19,2019-2020,Granada,https://fbref.com/en/matches/bd36d788/Barcelona-Granada-January-19-2020-La-Liga
868,2020-01-25,2019-2020,Valencia,https://fbref.com/en/matches/9ff75d4d/Valencia-Barcelona-January-25-2020-La-Liga
870,2020-02-02,2019-2020,Levante,https://fbref.com/en/matches/df75eab1/Barcelona-Levante-February-2-2020-La-Liga
872,2020-02-09,2019-2020,Real Betis,https://fbref.com/en/matches/4d233fd1/Real-Betis-Barcelona-February-9-2020-La-Liga
873,2020-02-15,2019-2020,Getafe,https://fbref.com/en/matches/ba5d3fcd/Barcelona-Getafe-February-15-2020-La-Liga
874,2020-02-22,2019-2020,Eibar,https://fbref.com/en/matches/53d0e7ab/Barcelona-Eibar-February-22-2020-La-Liga
876,2020-03-01,2019-2020,Real Madrid,https://fbref.com/en/matches/2c856f90/El-Clasico-Real-Madrid-Barcelona-March-1-2020-La-Liga
877,2020-03-07,2019-2020,Real Sociedad,https://fbref.com/en/matches/92ad4ba9/Barcelona-Real-Sociedad-March-7-2020-La-Liga
878,2020-06-13,2019-2020,Mallorca,https://fbref.com/en/matches/fbb4584c/Mallorca-Barcelona-June-13-2020-La-Liga
879,2020-06-16,2019-2020,Leganés,https://fbref.com/en/matches/4b82f2d2/Barcelona-Leganes-June-16-2020-La-Liga
880,2020-06-19,2019-2020,Sevilla,https://fbref.com/en/matches/b88c004c/Sevilla-Barcelona-June-19-2020-La-Liga
881,2020-06-23,2019-2020,Athletic Club,https://fbref.com/en/matches/7d493bcc/Barcelona-Athletic-Club-June-23-2020-La-Liga
882,2020-06-27,2019-2020,Celta Vigo,https://fbref.com/en/matches/5b3eeff7/Celta-Vigo-Barcelona-June-27-2020-La-Liga
883,2020-06-30,2019-2020,Atlético Madrid,https://fbref.com/en/matches/b6be11d4/Barcelona-Atletico-Madrid-June-30-2020-La-Liga
884,2020-07-05,2019-2020,Villarreal,https://fbref.com/en/matches/52c9281f/Villarreal-Barcelona-July-5-2020-La-Liga
885,2020-07-08,2019-2020,Espanyol,https://fbref.com/en/matches/5fcbe609/Barcelona-Espanyol-July-8-2020-La-Liga
886,2020-07-11,2019-2020,Valladolid,https://fbref.com/en/matches/2acdcbb0/Valladolid-Barcelona-July-11-2020-La-Liga
887,2020-07-16,2019-2020,Osasuna,https://fbref.com/en/matches/7ff03cb7/Barcelona-Osasuna-July-16-2020-La-Liga
888,2020-07-19,2019-2020,Alavés,https://fbref.com/en/matches/0ca0697f/Alaves-Barcelona-July-19-2020-La-Liga
891,2020-09-27,2020-2021,Villarreal,https://fbref.com/en/matches/67e47686/Barcelona-Villarreal-September-27-2020-La-Liga
892,2020-10-01,2020-2021,Celta Vigo,https://fbref.com/en/matches/9b6cefe1/Celta-Vigo-Barcelona-October-1-2020-La-Liga
893,2020-10-04,2020-2021,Sevilla,https://fbref.com/en/matches/3c20c9a2/Barcelona-Sevilla-October-4-2020-La-Liga
894,2020-10-17,2020-2021,Getafe,https://fbref.com/en/matches/ffc25afd/Getafe-Barcelona-October-17-2020-La-Liga
896,2020-10-24,2020-2021,Real Madrid,https://fbref.com/en/matches/9b07dcbc/El-Clasico-Barcelona-Real-Madrid-October-24-2020-La-Liga
898,2020-10-31,2020-2021,Alavés,https://fbref.com/en/matches/87d962cb/Alaves-Barcelona-October-31-2020-La-Liga
900,2020-11-07,2020-2021,Real Betis,https://fbref.com/en/matches/1c5be3e6/Barcelona-Real-Betis-November-7-2020-La-Liga
901,2020-11-21,2020-2021,Atlético Madrid,https://fbref.com/en/matches/43512e62/Atletico-Madrid-Barcelona-November-21-2020-La-Liga
903,2020-11-29,2020-2021,Osasuna,https://fbref.com/en/matches/10b5cb6c/Barcelona-Osasuna-November-29-2020-La-Liga
905,2020-12-05,2020-2021,Cádiz,https://fbref.com/en/matches/b0c1990b/Cadiz-Barcelona-December-5-2020-La-Liga
907,2020-12-13,2020-2021,Levante,https://fbref.com/en/matches/5ef7c398/Barcelona-Levante-December-13-2020-La-Liga
908,2020-12-16,2020-2021,Real Sociedad,https://fbref.com/en/matches/be0928c2/Barcelona-Real-Sociedad-December-16-2020-La-Liga
909,2020-12-19,2020-2021,Valencia,https://fbref.com/en/matches/29e2c236/Barcelona-Valencia-December-19-2020-La-Liga
910,2020-12-22,2020-2021,Valladolid,https://fbref.com/en/matches/086be9c6/Valladolid-Barcelona-December-22-2020-La-Liga
912,2021-01-03,2020-2021,Huesca,https://fbref.com/en/matches/200fff0a/Huesca-Barcelona-January-3-2021-La-Liga
913,2021-01-06,2020-2021,Athletic Club,https://fbref.com/en/matches/31a74d4f/Athletic-Club-Barcelona-January-6-2021-La-Liga
914,2021-01-09,2020-2021,Granada,https://fbref.com/en/matches/820f8ab3/Granada-Barcelona-January-9-2021-La-Liga
920,2021-01-31,2020-2021,Athletic Club,https://fbref.com/en/matches/cdbd8802/Barcelona-Athletic-Club-January-31-2021-La-Liga
922,2021-02-07,2020-2021,Real Betis,https://fbref.com/en/matches/36d21ebb/Real-Betis-Barcelona-February-7-2021-La-Liga
924,2021-02-13,2020-2021,Alavés,https://fbref.com/en/matches/e1aa194a/Barcelona-Alaves-February-13-2021-La-Liga
926,2021-02-21,2020-2021,Cádiz,https://fbref.com/en/matches/6d9fe2eb/Barcelona-Cadiz-February-21-2021-La-Liga
927,2021-02-24,2020-2021,Elche,https://fbref.com/en/matches/f613c734/Barcelona-Elche-February-24-2021-La-Liga
928,2021-02-27,2020-2021,Sevilla,https://fbref.com/en/matches/cf4341cf/Sevilla-Barcelona-February-27-2021-La-Liga
930,2021-03-06,2020-2021,Osasuna,https://fbref.com/en/matches/5c84db99/Osasuna-Barcelona-March-6-2021-La-Liga
932,2021-03-15,2020-2021,Huesca,https://fbref.com/en/matches/f1c35bb5/Barcelona-Huesca-March-15-2021-La-Liga
933,2021-03-21,2020-2021,Real Sociedad,https://fbref.com/en/matches/2073a485/Real-Sociedad-Barcelona-March-21-2021-La-Liga
934,2021-04-05,2020-2021,Valladolid,https://fbref.com/en/matches/e7c2cb0b/Barcelona-Valladolid-April-5-2021-La-Liga
935,2021-04-10,2020-2021,Real Madrid,https://fbref.com/en/matches/80b7ff24/El-Clasico-Real-Madrid-Barcelona-April-10-2021-La-Liga
937,2021-04-22,2020-2021,Getafe,https://fbref.com/en/matches/cfa56fb6/Barcelona-Getafe-April-22-2021-La-Liga
938,2021-04-25,2020-2021,Villarreal,https://fbref.com/en/matches/bcc4bf4f/Villarreal-Barcelona-April-25-2021-La-Liga
939,2021-04-29,2020-2021,Granada,https://fbref.com/en/matches/6f566040/Barcelona-Granada-April-29-2021-La-Liga
940,2021-05-02,2020-2021,Valencia,https://fbref.com/en/matches/ce4cd915/Valencia-Barcelona-May-2-2021-La-Liga
941,2021-05-08,2020-2021,Atlético Madrid,https://fbref.com/en/matches/820b4053/Barcelona-Atletico-Madrid-May-8-2021-La-Liga
942,2021-05-11,2020-2021,Levante,https://fbref.com/en/matches/69a3efe4/Levante-Barcelona-May-11-2021-La-Liga
943,2021-05-16,2020-2021,Celta Vigo,https://fbref.com/en/matches/da47580f/Barcelona-Celta-Vigo-May-16-2021-La-Liga
